ax,ay,az,gx,gy,gz
-0.026367,0.013672,1.087402,-4.732824,3.770992,0.549618
-0.027588,-0.003662,1.086670,-4.900764,3.694656,0.404580
-0.034424,0.006592,1.097168,-4.366412,3.473282,-1.488550
-0.015137,0.017578,1.077393,-1.366412,1.282443,-1.931298
-0.029785,0.010986,1.099121,-4.129771,-1.977099,-3.167939
-0.011719,0.011230,1.090088,-4.267176,-0.129771,-3.625954
-0.031494,0.006836,1.092529,-5.427481,1.435115,-2.206107
-0.038330,0.010742,1.095459,-4.030534,2.114504,-2.335878
-0.049561,0.002197,1.094482,-0.740458,3.786260,-2.839695
-0.032959,0.042725,1.085449,5.541985,5.190840,-1.374046
-0.035400,0.028564,1.066895,-8.801527,2.442748,0.450382
-0.030273,0.013916,1.091553,-2.977099,2.305344,0.488550
-0.035400,0.016113,1.086914,-6.648855,-0.564885,1.007634
-0.031250,0.015625,1.103027,-5.320611,1.793893,1.503817
-0.029541,0.010986,1.098389,-5.580153,2.419847,1.938931
-0.041016,0.021240,1.094238,-4.412214,2.709924,2.312977
-0.041504,0.019287,1.092529,-5.404580,2.541985,1.465649
-0.035645,0.031494,1.082520,-3.847328,1.038168,0.229008
-0.041016,0.009521,1.099121,-5.358778,-0.114504,0.702290
-0.039063,0.021484,1.092285,-3.961832,0.412214,1.541985
-0.043213,0.030518,1.084717,-5.862596,0.068702,0.854962
-0.035156,0.019043,1.093750,-6.259542,-1.290076,0.763359
-0.031250,0.013916,1.093262,-4.167939,-2.167939,0.213740
-0.029297,0.020264,1.091553,-6.206107,-2.877863,-0.358779
-0.035889,0.024414,1.092285,-5.297710,-0.641221,-0.633588
-0.038330,0.016602,1.089600,-5.916030,0.396947,-0.061069
-0.035400,0.014893,1.098633,-4.351145,2.931298,0.343511
-0.037842,0.023438,1.084961,-4.717557,4.137404,1.259542
-0.040771,0.018555,1.092773,-5.305344,4.267176,1.847328
-0.041504,0.022461,1.086182,-5.129771,2.236641,1.954198
-0.040039,0.012207,1.088867,-5.977099,-0.610687,1.648855
-0.035889,0.013184,1.100342,-4.977099,0.152672,0.541985
-0.036133,0.020508,1.098877,-5.740458,3.984733,1.625954
-0.042236,0.016357,1.085938,-6.320611,5.076336,2.503817
-0.052490,0.020752,1.085205,-6.091603,5.167939,3.496183
-0.047852,0.020752,1.091064,-4.778626,4.854962,2.847328
-0.037842,0.036621,1.086182,-5.229008,3.152672,2.786260
-0.049072,0.018311,1.086670,-3.106870,2.374046,2.320611
-0.055908,0.021729,1.090088,-4.061069,1.396947,0.961832
-0.046631,0.010742,1.085449,-5.335878,-0.809160,0.618321
-0.041748,0.017578,1.094727,-3.053435,-1.656489,0.328244
-0.044434,0.021484,1.097656,-3.496183,-0.824427,1.809160
-0.053711,0.029297,1.090088,-3.221374,2.488550,0.511450
-0.059082,0.019531,1.092285,-3.366412,2.244275,0.679389
-0.051758,0.027832,1.091064,-2.885496,0.267176,0.618321
-0.056396,0.028809,1.100342,-3.351145,0.839695,0.183206
-0.051514,0.028809,1.083008,-5.251908,0.328244,-0.671756
-0.049805,0.027344,1.083496,-6.572519,-2.870229,-0.290076
-0.039795,0.018311,1.100830,-4.290076,-0.969466,0.564885
-0.045898,0.030762,1.075684,-0.908397,1.908397,0.137405
-0.044922,0.030762,1.080811,-7.282443,0.152672,1.076336
-0.039551,0.026367,1.096924,-4.412214,-0.557252,1.076336
-0.035645,0.030518,1.077637,-5.557252,-3.580153,1.076336
-0.034668,0.022217,1.091064,-4.687023,-4.206107,0.374046
-0.052246,0.030762,1.103271,-6.404580,-1.984733,0.435115
-0.040527,0.022217,1.096924,-5.503817,0.396947,0.748092
-0.042969,0.022461,1.092041,-4.213740,3.824427,1.190840
-0.040039,0.016602,1.090088,-5.152672,4.366412,1.274809
-0.050049,0.020264,1.091064,-2.954198,4.656488,0.847328
-0.046387,0.031006,1.083252,-4.488550,2.770992,0.480916
-0.042725,0.037842,1.085449,-4.770992,0.458015,0.679389
-0.043457,0.024170,1.097656,-3.877863,-0.404580,0.519084
-0.041992,0.037109,1.094727,-3.412214,1.312977,0.900763
-0.054932,0.027588,1.082764,-5.145038,1.946565,0.305344
-0.051514,0.035400,1.090576,-5.175572,-0.557252,-0.511450
-0.044434,0.030029,1.095459,-5.557252,-1.244275,-0.961832
-0.038818,0.023682,1.098633,-1.404580,2.755725,-0.427481
-0.051025,0.036865,1.093994,-2.450382,6.282443,1.160305
-0.064697,0.026367,1.085938,-4.137404,4.992366,1.076336
-0.054932,0.044434,1.084473,-3.198473,-0.732824,0.106870
-0.037354,0.041504,1.093750,-3.992366,-5.343512,-1.381679
-0.024902,0.031006,1.105225,-2.145038,-2.488550,-2.419847
-0.036865,0.030029,1.097412,-4.839694,4.916030,-1.938931
-0.057129,0.034668,1.086426,-8.328244,7.946565,0.671756
-0.063965,0.028809,1.093262,-7.732824,7.419847,2.908397
-0.067627,0.008545,1.101563,0.297710,3.725191,3.809160
-0.061035,0.032227,1.083984,3.656489,0.755725,2.969466
-0.056885,0.052490,1.084717,-0.297710,-0.664122,2.870229
-0.055908,0.054932,1.070313,-4.259542,-3.564885,2.641221
-0.033691,0.042480,1.072754,-4.870229,-5.801527,1.992366
-0.041016,0.042969,1.104004,-4.435114,-2.152672,1.083969
-0.032959,0.049316,1.104248,-5.564886,2.236641,-0.076336
-0.033447,0.051758,1.105957,-7.679389,4.748092,1.290076
-0.038086,0.026123,1.096924,-6.938931,5.694656,0.312977
-0.046143,0.034180,1.089600,-12.900764,6.709924,-4.816794
-0.038086,0.026611,1.089844,-10.679389,6.274809,-6.381680
-0.068115,0.057617,1.086182,-6.992366,4.885496,-4.435114
-0.003662,0.087158,1.100098,-5.198473,4.885496,-3.740458
-0.056885,0.042480,1.067383,-12.816793,7.335878,-1.839695
-0.079102,0.012695,1.122559,-9.992367,8.732824,-3.015267
-0.085693,0.017090,1.063721,-6.213740,4.435114,-3.251908
-0.057373,0.045898,1.053711,-16.122137,-2.885496,-0.549618
-0.050781,0.012939,1.096191,-15.648855,-5.450382,-0.305344
-0.026367,-0.006348,1.128174,0.610687,-1.022901,-2.106870
-0.066162,0.012207,1.092285,13.435115,4.221374,-3.648855
-0.072998,0.029297,1.064941,0.236641,2.091603,-1.671756
-0.070557,0.022705,1.069824,-8.351145,-2.167939,-1.038168
-0.049072,0.028320,1.085205,-10.740458,-4.763359,-3.282443
-0.055420,0.022949,1.083252,-7.709924,-6.809160,-2.862595
-0.073975,0.022949,1.074707,-1.633588,-11.694656,-2.091603
-0.061035,0.036621,1.079834,-12.549619,-13.931297,0.022901
-0.046875,0.037842,1.106934,-14.274809,-5.725191,0.847328
-0.049805,0.008545,1.108643,-8.198473,-2.328244,0.061069
-0.057617,0.000732,1.072998,0.137405,-3.618321,-1.053435
-0.062500,0.030518,1.072266,-12.839695,-6.580153,-2.435115
-0.042725,-0.004883,1.107910,-10.580153,-4.870229,-7.442748
-0.035645,0.014160,1.124023,5.793893,8.244275,-13.312977
-0.063721,0.036377,1.077881,2.206107,9.404580,-11.816793
-0.125000,0.005615,1.111328,-0.458015,6.801527,-8.244275
-0.098877,0.010742,1.124756,3.366412,12.351145,-6.740458
-0.060547,0.037598,1.082275,-0.061069,15.885496,-7.366412
-0.072510,0.042480,1.082031,-5.007634,12.816793,-4.786260
-0.084473,0.041260,1.054199,-7.068702,8.717557,-1.122137
-0.093506,0.022217,1.079346,-5.229008,1.580153,1.152672
-0.067871,0.024658,1.105225,-6.648855,6.396946,1.267176
-0.061523,0.032959,1.072998,-15.061069,11.152672,-2.473282
-0.067383,0.052734,1.084229,-22.511450,7.572519,-1.290076
-0.103516,0.007080,1.098145,-5.496183,6.702290,-1.572519
-0.092041,0.027588,1.048584,-16.335878,3.106870,3.396947
-0.083008,-0.001709,1.090820,-22.022902,6.992366,8.595420
-0.084229,0.004639,1.071533,-20.656488,7.916030,13.526717
-0.111328,-0.029785,1.116699,-15.312977,-1.404580,10.725191
-0.106689,-0.019531,1.096680,-5.801527,0.580153,4.938931
-0.124023,-0.006104,1.085205,-7.244275,-3.633588,2.236641
-0.097168,-0.006592,1.078613,-5.870229,-4.427481,1.412214
-0.095947,-0.019287,1.093018,-2.801527,-3.145038,1.229008
-0.093506,-0.034668,1.084961,0.946565,-1.236641,-0.709924
-0.088135,0.005859,1.080322,-2.068702,-1.000000,-0.977099
-0.068359,0.021240,1.065186,-2.137405,2.610687,5.793893
-0.099609,-0.015869,1.123535,3.938931,2.961832,5.870229
-0.086670,0.002930,1.060791,-7.198473,-2.320611,2.931298
-0.083740,-0.010742,1.114258,-8.442748,-2.793893,-0.770992
-0.099365,-0.012939,1.038330,-7.488550,-2.396947,-0.580153
-0.097168,-0.014404,1.130371,-6.793893,0.893130,0.045802
-0.090820,0.003418,1.087158,-5.145038,0.412214,-1.091603
-0.089111,-0.002686,1.084229,-5.854962,-0.702290,-0.099237
-0.083008,-0.010986,1.084961,-2.244275,2.007634,4.206107
-0.102539,-0.010742,1.091309,-7.129771,0.328244,4.083970
-0.067139,0.021484,1.037842,-4.404580,1.221374,1.992366
-0.094727,0.011475,1.090088,-6.923664,1.328244,3.458015
-0.106445,-0.002441,1.103027,-2.992366,-1.366412,-0.160305
-0.095459,-0.020020,1.081299,-5.603054,-4.152672,-6.290076
-0.091797,0.011475,1.078613,-9.702291,-3.847328,-5.786260
-0.072510,0.002930,1.067139,-7.473282,-1.137405,-2.297710
-0.072998,0.033203,1.055908,-8.694656,1.282443,1.687023
-0.065430,-0.006836,1.093262,-10.595420,-1.992366,4.030534
-0.082520,-0.026611,1.076660,-8.389313,-3.473282,-0.351145
-0.078369,-0.023193,1.069336,-5.381680,-0.610687,-2.305344
-0.055420,0.003662,1.065674,-8.419847,-0.259542,0.114504
-0.093018,-0.002930,1.099609,-6.152672,-1.969466,-3.503817
-0.086914,-0.006592,1.060791,-9.564885,-3.198473,-4.129771
-0.091064,-0.005859,1.078857,-4.076336,2.045802,-2.702290
-0.098877,-0.030518,1.102783,-5.290076,0.229008,-3.480916
-0.094971,-0.005127,1.074707,-6.282443,-2.267176,-6.801527
-0.062988,-0.023193,1.089111,-8.259542,-3.122137,-6.114504
-0.054443,-0.019287,1.084229,-3.351145,2.213740,-4.091603
-0.058350,-0.008789,1.093750,-2.938931,3.343511,-4.274809
-0.069092,-0.001221,1.103760,-5.167939,0.603053,-4.083970
-0.074219,-0.017822,1.086670,-3.007634,0.358779,-3.564885
-0.070068,-0.000244,1.047363,-2.740458,1.740458,-5.442748
-0.075439,-0.004883,1.088623,-7.114504,0.374046,-4.396946
-0.091309,-0.007568,1.073975,-4.824428,0.022901,-5.274809
-0.097900,-0.002686,1.077393,-6.282443,-0.381679,-3.519084
-0.094971,-0.002197,1.076416,-4.687023,1.412214,-1.152672
-0.092529,-0.005615,1.082520,-4.045802,1.442748,0.221374
-0.101318,-0.024414,1.088379,-3.992366,0.526718,0.450382
-0.080322,-0.019043,1.075928,-5.954198,-0.854962,-0.870229
-0.080078,-0.019531,1.088867,-5.595420,0.030534,-0.038168
-0.071777,-0.003662,1.097656,-2.152672,3.068702,2.931298
-0.088379,-0.011963,1.083984,-5.297710,0.557252,1.839695
-0.073242,0.000000,1.075684,-6.106870,0.366412,0.862595
-0.078857,-0.017090,1.099609,-4.656488,1.847328,1.709924
-0.074463,-0.022949,1.097168,-3.854962,1.847328,1.213740
-0.075439,-0.004150,1.086670,-4.839694,1.114504,1.022901
-0.074463,-0.019043,1.079346,-6.068702,0.450382,1.061069
-0.073242,-0.022217,1.097168,-5.198473,1.045802,0.786260
-0.073975,-0.005371,1.083252,-5.206107,0.854962,0.511450
-0.073730,-0.013916,1.085938,-5.076336,0.045802,0.465649
-0.085693,-0.014648,1.079834,-5.541985,0.358779,0.343511
-0.084717,-0.013428,1.093750,-5.908397,0.801527,0.045802
-0.073486,-0.013672,1.097900,-6.648855,0.114504,0.015267
-0.070801,-0.007324,1.081055,-6.244275,-0.335878,0.076336
-0.086426,-0.020264,1.092285,-5.641222,0.549618,-0.213740
-0.073975,-0.016846,1.089355,-4.015267,1.061069,0.717557
-0.077637,-0.021484,1.082275,-6.274809,0.541985,0.320611
-0.063965,-0.009277,1.086914,-5.671756,1.312977,-0.091603
-0.081543,-0.014648,1.100098,-5.381680,0.229008,0.190840
-0.077393,-0.011963,1.087646,-5.038168,0.312977,0.748092
-0.074219,-0.019531,1.079346,-5.160306,0.893130,0.396947
-0.070313,-0.018311,1.088135,-6.114504,0.862595,-0.206107
-0.076172,-0.023193,1.096191,-5.305344,0.320611,-0.465649
-0.075684,-0.013916,1.089111,-5.389313,0.160305,-0.954198
-0.086182,-0.004883,1.086182,-4.419847,0.312977,-0.343511
-0.081543,-0.014404,1.088867,-4.763359,0.931298,0.282443
-0.083252,-0.010742,1.087402,-6.106870,0.572519,-0.045802
-0.078857,-0.012207,1.084473,-6.419847,-0.213740,0.206107
-0.076172,-0.017578,1.084961,-5.274809,0.839695,0.473282
-0.079346,-0.013428,1.087402,-4.641222,1.152672,0.167939
-0.084473,-0.024414,1.084717,-5.106870,0.923664,-0.320611
-0.081787,-0.006592,1.099609,-6.030534,0.076336,-0.603053
-0.078125,-0.025635,1.091309,-4.885496,0.603053,0.335878
-0.075684,-0.021240,1.086670,-3.977099,1.251908,0.458015
-0.078857,-0.013916,1.077148,-5.251908,0.198473,-0.267176
-0.079834,-0.019287,1.090332,-5.671756,0.160305,-0.587786
-0.082031,-0.018311,1.092773,-4.618320,0.366412,-0.114504
-0.076416,-0.014160,1.079590,-5.091603,0.908397,0.068702
-0.078857,-0.015137,1.081543,-5.984733,0.106870,-0.351145
-0.083496,-0.023438,1.092773,-5.152672,0.572519,-0.206107
-0.077393,-0.020020,1.089600,-4.648855,1.480916,0.244275
-0.077881,-0.007568,1.093506,-4.114504,1.282443,0.145038
-0.080078,-0.017334,1.085938,-5.885496,0.419847,-0.694656
-0.077637,-0.025391,1.098145,-5.297710,0.625954,-0.274809
-0.079834,-0.020264,1.081787,-4.458015,1.167939,0.290076
-0.077637,-0.001953,1.083252,-5.870229,1.045802,-0.122137
-0.075684,-0.012451,1.086914,-6.748092,0.229008,-0.694656
-0.077637,-0.020264,1.097656,-5.763359,0.564885,-0.541985
-0.081055,-0.021240,1.086182,-4.526718,1.145038,-0.022901
-0.078857,-0.009766,1.097900,-5.396946,-0.229008,-0.610687
-0.077637,-0.012207,1.082764,-5.824428,-0.381679,-0.572519
-0.080811,-0.022949,1.088379,-5.450382,0.274809,0.007634
-0.079346,-0.021484,1.089355,-4.129771,1.427481,0.465649
-0.079346,-0.002930,1.087646,-5.267176,0.374046,-0.320611
-0.084473,-0.012207,1.086182,-5.534351,0.183206,-0.580153
-0.077881,-0.028320,1.087158,-4.381680,1.129771,0.114504
-0.080322,-0.016357,1.093506,-3.900763,2.099237,0.618321
-0.071045,-0.009277,1.085693,-3.633588,1.931298,0.984733
-0.075684,-0.017578,1.086182,-4.541985,0.656489,-0.290076
-0.079834,-0.014404,1.085938,-4.832061,0.557252,-0.175573
-0.086426,-0.006348,1.084961,-5.656488,0.717557,-0.290076
-0.081299,-0.015625,1.077148,-6.374046,0.633588,-0.717557
-0.073242,-0.011963,1.087891,-4.809160,0.427481,-0.557252
-0.085938,-0.011963,1.078857,-4.175572,0.267176,-0.396947
-0.084717,-0.020508,1.097168,-6.427481,-0.190840,-0.236641
-0.078613,-0.018555,1.079346,-5.778626,0.435115,-0.053435
-0.074463,-0.019043,1.104736,-4.961832,0.595420,-0.015267
-0.078613,-0.019043,1.067139,-4.343512,1.030534,0.183206
-0.085693,-0.017090,1.096680,-5.343512,0.274809,-0.381679
-0.076172,-0.016602,1.084229,-5.206107,0.473282,-0.083969
-0.080566,-0.017578,1.096436,-4.038168,0.534351,0.549618
-0.084717,-0.011475,1.075684,-5.412214,0.847328,-0.572519
-0.082275,-0.018799,1.093506,-5.564886,-0.442748,-0.572519
-0.079346,-0.013916,1.081787,-5.305344,0.351145,-0.282443
-0.080078,-0.007813,1.075928,-5.091603,0.496183,-0.648855
-0.080078,-0.016846,1.107178,-4.282443,0.335878,-0.244275
-0.087158,-0.026123,1.072266,-5.465649,0.091603,-0.213740
-0.088623,-0.009521,1.091797,-5.198473,0.381679,0.587786
-0.074707,-0.011230,1.079346,-4.274809,0.473282,0.213740
-0.078613,-0.024658,1.092529,-4.610687,0.290076,-0.167939
-0.089111,-0.017334,1.093750,-5.511450,-0.007634,-0.244275
-0.075928,-0.015625,1.089600,-5.053435,0.251908,-0.038168
-0.083252,-0.018311,1.082031,-4.618320,0.374046,0.076336
-0.085938,-0.021973,1.092041,-3.778626,0.908397,0.503817
-0.082764,-0.029541,1.087646,-3.290076,1.099237,0.709924
-0.087891,-0.011475,1.087891,-4.740458,0.465649,-0.297710
-0.084473,-0.014160,1.080078,-5.709924,-0.541985,-0.816794
-0.085693,-0.015869,1.088379,-5.862596,0.435115,-0.549618
-0.075195,-0.006592,1.088379,-5.152672,0.740458,0.114504
-0.088379,-0.010254,1.077393,-5.083970,0.572519,-0.068702
-0.085205,-0.016113,1.085693,-6.450382,-0.152672,-0.396947
-0.075928,-0.023438,1.086426,-5.374046,0.671756,-0.007634
-0.082031,-0.014160,1.080566,-4.709924,0.396947,-0.038168
-0.086426,-0.002930,1.084229,-5.030534,0.236641,-0.206107
-0.080811,-0.017578,1.085693,-5.687023,-0.282443,-0.068702
-0.084717,-0.015137,1.087646,-5.328244,0.496183,0.137405
-0.071533,-0.017090,1.080322,-5.038168,0.549618,0.045802
-0.082031,-0.012695,1.087402,-4.770992,0.496183,-0.320611
-0.073975,-0.016357,1.094971,-5.564886,0.244275,-0.793893
-0.083984,-0.019043,1.090576,-5.458015,0.549618,-0.526718
-0.084717,-0.011230,1.096191,-4.618320,0.961832,-0.389313
-0.073486,-0.009766,1.088623,-4.732824,0.412214,-0.419847
-0.094971,-0.015869,1.079346,-4.916030,0.282443,-0.381679
-0.080811,-0.023438,1.084961,-5.236641,0.633588,0.251908
-0.078613,-0.009521,1.090820,-3.870229,0.931298,0.641221
-0.078613,-0.014404,1.087402,-5.603054,0.305344,-0.412214
-0.072754,-0.009521,1.087646,-6.000000,-0.061069,-0.290076
-0.074463,-0.020996,1.093262,-5.534351,0.511450,-0.244275
-0.076904,-0.017578,1.088379,-5.022901,0.709924,-0.015267
-0.075928,-0.012207,1.093018,-4.809160,0.679389,-0.320611
-0.078125,-0.014404,1.092041,-4.358778,0.519084,-0.190840
-0.080566,-0.014404,1.074707,-4.557252,1.183206,0.122137
-0.078613,-0.009033,1.088379,-5.236641,0.687023,-0.282443
-0.076660,-0.012939,1.089355,-4.480916,0.503817,-0.030534
-0.084473,-0.020020,1.094971,-4.763359,0.595420,-0.244275
-0.081299,-0.015137,1.086182,-4.465649,0.770992,0.259542
-0.086182,-0.011719,1.087646,-5.755725,0.137405,-0.625954
-0.081299,-0.020264,1.082764,-5.938931,-0.282443,-0.862595
-0.081543,-0.020996,1.087891,-4.702290,0.511450,0.099237
-0.082520,-0.017578,1.082275,-4.900764,0.687023,-0.328244
-0.078369,-0.011963,1.087646,-5.450382,0.068702,-0.534351
-0.085449,-0.018311,1.089844,-5.908397,-0.442748,-0.435115
-0.078613,-0.020752,1.084473,-4.641222,0.687023,0.343511
-0.072510,-0.019043,1.087158,-4.908397,0.656489,-0.106870
-0.082520,-0.016113,1.084473,-5.954198,0.198473,-0.839695
-0.089844,-0.015625,1.087158,-5.106870,0.076336,-0.183206
-0.074951,-0.023926,1.080566,-4.152672,0.648855,0.190840
-0.087891,-0.003662,1.080078,-5.770992,0.091603,-0.679389
-0.081543,-0.022949,1.086670,-5.244275,0.137405,-0.076336
-0.078857,-0.021729,1.096436,-4.465649,0.984733,0.541985
-0.075928,-0.015381,1.078857,-3.717557,1.030534,0.969466
-0.076904,-0.009766,1.078857,-5.419847,0.832061,-0.435115
-0.080322,-0.015869,1.076172,-6.404580,0.213740,-0.625954
-0.076660,-0.020264,1.094727,-5.671756,0.664122,-0.061069
-0.078125,-0.009521,1.084473,-4.290076,1.045802,0.450382
-0.082031,-0.012451,1.081055,-4.419847,1.030534,0.473282
-0.072754,-0.015137,1.082764,-5.641222,0.145038,-0.083969
-0.072266,-0.020508,1.102295,-3.900763,0.633588,0.167939
-0.074951,-0.013672,1.080811,-3.877863,1.404580,0.381679
-0.088867,-0.009033,1.085449,-4.412214,1.000000,0.480916
-0.081055,-0.010498,1.084961,-4.801527,0.748092,-0.167939
-0.083984,-0.008301,1.095215,-5.442748,0.015267,-0.503817
-0.088867,-0.020508,1.088379,-4.717557,0.610687,0.122137
-0.080078,-0.015625,1.084229,-5.213740,0.412214,0.152672
-0.079346,-0.011719,1.077393,-7.221374,-0.251908,-0.198473
-0.072998,-0.017090,1.092285,-4.778626,0.748092,-0.274809
-0.081787,-0.010254,1.083252,-4.045802,0.900763,0.221374
-0.084473,-0.007813,1.092773,-5.610687,0.251908,-0.137405
-0.080322,-0.009033,1.093262,-5.877862,0.198473,-0.343511
-0.078369,-0.013428,1.096924,-5.007634,0.618321,0.015267
-0.077881,-0.019043,1.079346,-5.236641,0.282443,-0.198473
-0.088867,-0.010986,1.091064,-5.801527,-0.381679,-0.511450
-0.077637,-0.017090,1.086182,-5.816794,0.366412,-0.488550
-0.082275,-0.015381,1.095215,-4.541985,0.374046,-0.007634
-0.086914,-0.009521,1.083984,-5.671756,-0.236641,-0.549618
-0.080566,-0.018066,1.086914,-6.427481,-0.648855,-0.335878
-0.076660,-0.012695,1.083252,-5.503817,0.503817,0.511450
-0.079590,-0.015381,1.077881,-4.549618,0.809160,0.618321
-0.077393,-0.009521,1.083496,-4.916030,0.419847,0.221374
-0.070557,-0.020996,1.087891,-5.419847,0.343511,-0.717557
-0.080322,-0.014404,1.097656,-5.022901,0.587786,-0.328244
-0.087402,-0.019043,1.085693,-5.091603,0.572519,0.145038
-0.081299,-0.016113,1.083252,-5.038168,0.473282,-0.190840
-0.081299,-0.017334,1.092773,-4.885496,0.656489,0.053435
-0.077881,-0.018799,1.098633,-3.671756,0.877863,0.404580
-0.083008,-0.001465,1.076172,-4.717557,0.427481,0.129771
-0.080078,-0.010742,1.080322,-5.839694,-0.534351,-0.167939
-0.076904,-0.019043,1.083496,-6.183206,-0.312977,-0.145038
-0.076172,-0.023193,1.094482,-3.671756,0.961832,0.358779
-0.083008,-0.010254,1.087402,-5.603054,-0.053435,-0.572519
-0.085205,-0.008301,1.082764,-6.335878,-1.099237,-0.648855
-0.085938,-0.017334,1.092285,-6.519084,-1.519084,0.190840
-0.076660,-0.022217,1.081299,-5.404580,-0.916031,0.541985
-0.064453,-0.013916,1.078125,-5.534351,-0.900763,-0.007634
-0.075439,-0.012207,1.076660,-7.083970,-1.809160,-0.351145
-0.057861,-0.015381,1.082520,-8.190840,-2.328244,-0.526718
-0.072021,-0.029785,1.097900,-5.251908,-1.099237,0.595420
-0.059082,0.026855,1.033936,-10.389313,-0.778626,2.229008
-0.066406,-0.018066,1.081787,-4.931298,-1.022901,0.129771
-0.067871,-0.013184,1.084717,-8.931297,-2.106870,-1.183206
-0.064209,-0.031494,1.103027,-6.671756,-1.381679,0.137405
-0.061523,-0.031006,1.086914,-4.618320,0.961832,0.389313
-0.075928,-0.013428,1.082520,-5.190840,0.702290,0.129771
-0.076660,-0.019531,1.085693,-5.549618,0.587786,0.183206
-0.064941,-0.022705,1.088379,-4.954198,0.480916,0.526718
-0.070557,-0.025635,1.082275,-3.664122,1.465649,1.114504
-0.071289,-0.020508,1.087646,-3.465649,1.923664,0.984733
-0.075684,-0.024414,1.088623,-5.549618,0.564885,-0.236641
-0.070068,-0.021484,1.098633,-6.702290,-0.427481,-0.633588
-0.073975,-0.027832,1.091064,-5.702290,0.290076,0.152672
-0.058594,-0.021240,1.079834,-4.839694,1.572519,0.038168
-0.070801,-0.010986,1.092041,-5.122138,0.305344,-0.206107
-0.071289,-0.030029,1.091797,-4.954198,0.633588,-0.343511
-0.082031,-0.028809,1.091553,-4.763359,0.702290,0.282443
-0.074951,-0.023193,1.090088,-4.519084,1.091603,0.572519
-0.065674,-0.010254,1.090576,-4.366412,0.526718,0.465649
-0.073730,-0.017334,1.091064,-4.587786,-0.832061,0.145038
-0.078125,-0.003662,1.099121,-4.328244,-1.603053,1.267176
-0.070557,-0.018066,1.080811,-3.076336,-1.557252,2.259542
-0.076172,0.000488,1.092041,-5.274809,-5.404580,2.526718
-0.041748,-0.052246,1.103760,-8.167939,-7.664122,2.541985
-0.045898,-0.028320,1.076660,-8.786260,-5.610687,0.122137
-0.049561,-0.035889,1.092529,-5.106870,-3.503817,-0.045802
-0.046387,-0.037109,1.087158,-4.557252,-1.641221,-1.030534
-0.064941,-0.007080,1.088135,-3.000000,0.015267,-0.198473
-0.064453,-0.017090,1.086914,-5.099236,-2.335878,0.351145
-0.046875,-0.036621,1.078857,-5.946565,-1.671756,-0.404580
-0.047363,-0.027588,1.085693,-4.381680,0.816794,-0.129771
-0.058838,-0.017090,1.076172,-4.152672,1.419847,-0.106870
-0.058594,-0.010498,1.082275,-5.809160,-0.511450,-1.236641
-0.056152,-0.026367,1.090332,-5.183206,-0.251908,-0.755725
-0.049805,-0.024414,1.076416,-4.404580,2.030534,-0.213740
-0.052734,-0.014404,1.084961,-5.274809,1.480916,-0.648855
-0.053711,-0.017578,1.094971,-6.129771,-0.259542,-1.053435
-0.057617,-0.017578,1.091553,-5.992366,-0.152672,-0.786260
-0.049072,-0.016113,1.089355,-6.877862,-0.366412,-0.984733
-0.051270,-0.026855,1.096191,-5.671756,0.381679,-0.801527
-0.050537,-0.027100,1.083252,-5.717557,0.274809,-0.946565
-0.050049,-0.017578,1.082520,-4.801527,0.984733,-0.328244
-0.060791,-0.029297,1.095459,-5.083970,0.053435,-0.106870
-0.049805,-0.026123,1.083252,-4.984733,0.038168,-0.007634
-0.054932,-0.016602,1.092773,-5.122138,-0.076336,-0.114504
-0.046631,-0.027344,1.082764,-5.007634,-0.267176,-0.175573
-0.054932,-0.030762,1.088135,-5.091603,-0.091603,-0.343511
-0.052734,-0.015869,1.091553,-4.030534,0.267176,-0.198473
-0.058350,-0.017822,1.082031,-6.236641,-0.725191,-0.702290
-0.055908,-0.028564,1.085449,-5.412214,-0.137405,0.015267
-0.048096,-0.022461,1.089355,-4.778626,0.129771,-0.053435
-0.047363,-0.017334,1.088623,-5.282443,-0.190840,-0.549618
-0.062012,-0.018311,1.099365,-4.610687,-0.175573,0.145038
-0.052002,-0.028564,1.090820,-4.801527,0.610687,0.954198
-0.053711,-0.033936,1.086670,-5.351145,0.541985,0.992366
-0.057129,-0.024658,1.097656,-6.870229,-0.381679,0.274809
-0.066162,-0.014648,1.074463,-8.206107,-0.167939,-0.099237
-0.074951,-0.011719,1.085693,-12.694656,-1.030534,-0.435115
-0.067139,0.001221,1.062500,-11.916031,-1.748092,-1.152672
-0.065674,-0.035645,1.077881,-11.732824,-3.885496,-1.969466
-0.064941,-0.031738,1.088379,-9.427481,2.320611,0.442748
-0.064941,-0.051514,1.097412,-5.282443,2.740458,1.190840
-0.056152,-0.055176,1.083740,-5.267176,0.938931,0.625954
-0.030273,-0.057617,1.087891,-8.328244,0.816794,0.580153
-0.067871,-0.049805,1.088379,-4.045802,1.564885,0.740458
-0.082520,-0.048340,1.087402,-3.702290,1.702290,0.473282
-0.083984,-0.040039,1.079834,-4.618320,-0.068702,-0.038168
-0.099121,-0.041504,1.077881,-8.259542,-0.557252,-1.740458
-0.093994,-0.047852,1.107178,-7.160306,0.198473,-4.480916
-0.063965,0.015381,1.098389,-6.916030,2.503817,-4.603054
-0.081299,-0.025635,1.099854,-2.374046,3.557252,-2.274809
-0.076660,-0.029053,1.068359,2.671756,8.480916,-3.526718
-0.071045,-0.014893,1.068115,-0.076336,2.908397,-3.152672
-0.047607,-0.026855,1.085938,-6.374046,1.908397,0.893130
-0.054688,-0.050781,1.094727,-3.290076,6.145038,0.053435
-0.074707,-0.042969,1.094971,0.106870,4.923664,-3.793893
-0.066162,-0.023682,1.050049,-0.984733,5.595420,-3.694656
-0.082764,-0.014648,1.114746,-7.648855,5.351145,1.381679
-0.058838,-0.015381,1.084717,-5.091603,0.740458,1.648855
-0.039795,-0.006104,1.082764,-5.847328,3.778626,2.633588
-0.079590,-0.041260,1.093018,-2.251908,1.519084,3.755725
-0.058594,-0.030518,1.050781,-4.412214,-2.244275,2.015267
-0.070801,-0.019287,1.061035,-4.129771,-13.931297,1.312977
-0.045166,-0.009033,1.097412,-9.961832,-14.641221,1.938931
-0.049072,-0.048828,1.095215,-0.450382,-17.000000,2.557252
-0.038818,-0.028320,1.093262,-5.374046,-16.381680,0.954198
-0.031006,-0.007568,1.093262,0.549618,-9.557252,4.320611
-0.022949,-0.011963,1.096924,-1.030534,-0.625954,8.664123
-0.039063,-0.028564,1.113525,-1.175573,4.633588,10.503817
-0.041992,-0.043213,1.090088,-3.656489,0.038168,9.045801
-0.025391,-0.036621,1.083252,-6.969466,-1.816794,3.114504
-0.031006,-0.014648,1.085938,-4.618320,1.022901,-0.114504
-0.013428,-0.022705,1.078125,-4.450382,2.877863,0.068702
-0.020264,-0.031738,1.083496,-4.160306,-0.137405,0.045802
-0.023193,-0.012451,1.088623,-7.671756,-1.687023,-1.534351
-0.002686,-0.021973,1.117188,-3.137405,-2.656489,-2.709924
-0.010742,-0.017578,1.077393,-2.732824,-5.473282,-1.778626
-0.009766,-0.017578,1.061768,-6.702290,-6.427481,0.648855
-0.009033,-0.011963,1.120850,-5.122138,-4.343512,0.824427
-0.010254,-0.030518,1.097900,-0.687023,-3.358779,-0.221374
-0.007568,-0.019775,1.072754,-3.122137,-5.167939,-0.603053
-0.018555,-0.007324,1.089111,-6.427481,-5.709924,1.763359
0.007324,-0.020020,1.116211,-5.236641,-1.343511,0.938931
0.020508,-0.022217,1.108643,-2.442748,3.221374,-0.137405
0.002686,-0.022949,1.089111,-0.618321,0.969466,1.381679
0.010742,-0.011230,1.083740,-7.427481,-2.809160,2.793893
0.000000,-0.014160,1.097168,-5.083970,-0.893130,0.885496
-0.026611,-0.017822,1.099365,-2.145038,2.083969,-1.129771
-0.012939,-0.020508,1.089600,-1.442748,0.511450,-1.167939
-0.004883,-0.022217,1.082764,-5.877862,0.816794,-2.587786
-0.019531,0.000244,1.109131,-4.465649,5.503817,-3.900763
-0.024902,-0.009033,1.095947,-0.145038,6.503817,-2.938931
-0.018066,-0.002686,1.062256,-3.175573,4.496183,-0.022901
-0.020996,-0.009521,1.106934,-6.648855,2.503817,1.977099
-0.041260,-0.016602,1.096680,-3.648855,3.748092,1.984733
-0.037598,-0.006104,1.078369,-3.351145,-1.885496,3.305344
-0.011719,-0.027100,1.078613,-5.717557,-6.351145,2.839695
-0.000244,-0.007324,1.093018,-6.305344,-5.610687,1.297710
-0.013672,0.000000,1.103760,-5.717557,-3.580153,0.259542
-0.032471,-0.014648,1.082764,-4.312977,-5.564886,0.557252
-0.010254,-0.001465,1.080322,-8.137404,-6.656488,0.809160
0.013916,-0.007813,1.122070,-6.664122,-0.396947,-0.748092
0.011230,0.001465,1.113281,-1.412214,5.679389,-0.137405
-0.012939,-0.009521,1.081543,-2.320611,3.137405,-0.160305
-0.003418,-0.010254,1.076660,-5.793893,-0.641221,0.404580
0.002441,0.006348,1.106934,-6.335878,3.206107,-0.198473
-0.027832,-0.011719,1.084473,-1.213740,5.083970,-2.236641
-0.027588,-0.007324,1.056152,-3.725191,-0.282443,-0.786260
-0.013672,-0.000732,1.095703,-9.694656,-3.916031,0.862595
0.003418,-0.009521,1.111084,-5.809160,0.992366,-0.503817
-0.023682,-0.021484,1.097168,-2.244275,4.328244,-1.076336
-0.025635,-0.010742,1.077148,-5.129771,2.175573,-0.038168
-0.028809,-0.007568,1.101074,-6.748092,1.290076,0.793893
-0.018311,-0.004883,1.090332,-4.816794,1.618321,-0.061069
-0.015625,-0.010010,1.093994,-4.198473,2.007634,-0.007634
-0.017578,-0.011963,1.091553,-6.175572,2.274809,0.587786
-0.023682,-0.005371,1.097412,-4.816794,2.534351,0.099237
-0.031494,-0.012451,1.088623,-3.923664,1.961832,-0.694656
-0.026123,-0.008301,1.083740,-6.099236,-1.564885,0.488550
-0.015381,-0.006836,1.092529,-6.664122,-3.137405,0.595420
-0.006836,-0.015869,1.095703,-4.167939,-1.030534,-0.610687
-0.024658,-0.011230,1.088623,-2.770992,0.435115,-0.847328
-0.026855,-0.003906,1.075439,-3.694656,-1.374046,1.251908
-0.014160,-0.007813,1.097900,-6.549618,-2.267176,1.740458
-0.014404,-0.004150,1.096680,-4.549618,0.435115,0.022901
-0.022461,-0.014648,1.079346,-4.206107,0.320611,0.549618
-0.020752,-0.003174,1.079590,-7.061069,-2.015267,2.229008
-0.014404,-0.004639,1.102783,-6.732824,0.129771,0.152672
-0.023926,-0.010986,1.100098,-3.229008,3.595420,-1.709924
-0.024414,-0.001709,1.076660,-3.717557,3.152672,-0.335878
-0.014648,-0.008789,1.088867,-6.916030,0.702290,0.725191
-0.007568,0.000244,1.103760,-5.603054,3.015267,-0.763359
-0.020752,0.005859,1.098389,-3.190840,4.412214,-1.152672
-0.025879,-0.018799,1.086914,-2.938931,4.931298,-0.007634
-0.017090,-0.006836,1.092041,-2.954198,4.610687,-0.045802
-0.021240,0.000977,1.081299,-4.923664,2.198473,-0.343511
-0.028076,-0.004395,1.080322,-6.053435,-0.419847,-0.877863
-0.027832,-0.003906,1.089600,-6.030534,-1.328244,0.099237
-0.029785,-0.002197,1.096436,-6.702290,-0.954198,0.442748
-0.028320,-0.010254,1.110352,-6.007634,1.839695,-0.374046
-0.031494,-0.006592,1.103516,-4.824428,5.725191,-0.450382
-0.040283,-0.011963,1.078369,-3.435115,4.847328,-0.389313
-0.035645,0.003906,1.083496,-5.908397,0.213740,0.961832
-0.027100,-0.000977,1.101074,-6.511450,0.229008,0.030534
-0.034424,-0.004883,1.092041,-4.984733,1.045802,-0.251908
-0.035400,-0.001709,1.092773,-5.793893,-1.183206,0.312977
-0.025146,-0.007568,1.079102,-7.458015,-4.114504,1.114504
-0.013184,-0.009766,1.098633,-6.343512,-3.183206,0.106870
-0.021240,-0.003418,1.097656,-5.931298,-0.129771,-0.312977
-0.019775,-0.006592,1.097412,-4.412214,2.847328,-0.954198
-0.022949,-0.005615,1.079102,-4.366412,1.625954,-1.045802
-0.033936,-0.007080,1.081787,-6.709924,-1.793893,-0.175573
-0.020752,-0.013672,1.105957,-6.687023,-0.328244,-0.236641
-0.016113,-0.008545,1.100586,-4.145038,4.022901,-0.572519
-0.025635,-0.010742,1.089355,-3.312977,4.541985,-0.381679
-0.033936,-0.009033,1.075195,-6.091603,0.740458,1.022901
-0.024414,-0.013184,1.093750,-5.961832,1.190840,1.083969
-0.013916,-0.017090,1.095703,-4.229008,3.312977,0.198473
-0.025879,-0.015381,1.076172,-3.641221,2.396947,1.015267
-0.026855,0.006836,1.091553,-5.549618,1.183206,2.541985
-0.029541,-0.013672,1.091797,-4.702290,2.503817,1.969466
-0.034912,-0.002441,1.081787,-3.625954,2.000000,1.007634
-0.039063,-0.004150,1.069824,-5.427481,-1.633588,1.137405
-0.032715,-0.002930,1.101807,-6.580153,-2.145038,0.984733
-0.029541,-0.014893,1.095947,-3.717557,0.465649,-0.519084
-0.034668,-0.011963,1.095947,-2.633588,1.343511,-0.549618
-0.040527,-0.004883,1.083252,-5.404580,0.885496,0.961832
-0.032227,-0.001465,1.090576,-4.938931,2.366412,0.908397
-0.029297,0.001709,1.096191,-3.290076,2.694656,-0.748092
-0.034912,-0.000244,1.077393,-3.396947,1.106870,-0.763359
-0.038086,0.000977,1.075195,-5.633588,-2.351145,0.404580
-0.027344,-0.001221,1.106934,-6.480916,-1.687023,-0.251908
-0.045898,0.001465,1.086670,-4.496183,0.045802,-0.946565
-0.028076,-0.001709,1.080322,-5.137404,-2.549618,-0.213740
-0.021973,-0.004639,1.096191,-7.450382,-4.816794,1.343511
-0.038330,-0.004150,1.106934,-5.374046,-0.877863,0.656489
-0.031494,-0.007568,1.100098,-3.099237,2.358779,-0.274809
-0.034424,0.000488,1.078613,-4.297710,1.045802,0.732824
-0.018311,0.001221,1.090332,-6.595420,-2.274809,1.015267
-0.023682,0.002930,1.106445,-4.557252,1.114504,-0.221374
-0.030273,-0.010986,1.092041,-2.068702,4.297710,-0.267176
-0.032471,-0.004150,1.096191,-1.839695,5.007634,-0.832061
-0.029297,0.005127,1.070313,-5.389313,0.519084,-0.175573
-0.028076,-0.009033,1.093750,-7.709924,-2.435115,-0.366412
-0.014893,0.003174,1.100342,-5.015267,1.282443,-1.801527
-0.037109,-0.009277,1.090576,-4.152672,2.984733,-1.320611
-0.034180,-0.002197,1.088379,-5.129771,2.480916,-0.221374
-0.031738,-0.005615,1.091553,-5.282443,2.564885,0.488550
-0.031494,0.001221,1.093506,-3.824427,4.053435,0.480916
-0.037598,-0.002930,1.075195,-4.091603,1.816794,0.709924
-0.031982,-0.002441,1.078613,-6.137404,-3.358779,1.160305
-0.018066,0.003418,1.096436,-7.190840,-5.732824,0.694656
-0.027100,-0.004883,1.093994,-4.419847,-2.687023,-0.725191
-0.031982,0.000488,1.092285,-3.984733,-0.160305,-0.343511
-0.034668,-0.003174,1.086670,-6.076336,-0.229008,0.755725
-0.026123,-0.005859,1.092529,-5.549618,-0.007634,0.488550
-0.028320,-0.003906,1.095459,-4.175572,1.389313,-0.503817
-0.026123,-0.003174,1.085938,-3.809160,1.916031,0.244275
-0.026611,-0.003418,1.088867,-4.526718,1.633588,0.419847
-0.026611,0.000000,1.081543,-4.755725,-0.442748,1.038168
-0.032959,0.000732,1.093262,-5.885496,-0.793893,1.106870
-0.021973,-0.005371,1.091553,-3.908397,0.167939,-0.083969
-0.028809,-0.006592,1.077393,-3.366412,-0.389313,-0.099237
-0.023438,0.002441,1.114502,-2.671756,0.442748,0.099237
-0.025635,0.008301,1.092529,-6.152672,0.083969,0.244275
-0.029541,0.001709,1.093506,-4.183206,1.259542,-0.297710
-0.028809,-0.008545,1.082275,-5.061069,0.366412,0.015267
-0.026611,0.004395,1.087158,-5.625954,-0.801527,-0.358779
-0.019531,0.004395,1.084473,-5.290076,-0.908397,-1.221374
-0.028564,0.003906,1.096680,-5.198473,-1.000000,-0.801527
-0.027832,-0.008545,1.088135,-6.160306,-0.732824,-0.229008
-0.020264,-0.011475,1.100586,-5.870229,0.923664,-0.572519
-0.021240,-0.001465,1.099365,-3.503817,1.977099,-1.511450
-0.031494,0.006348,1.078125,-5.076336,0.694656,0.190840
-0.026611,0.001709,1.094971,-6.091603,1.786260,1.854962
-0.025391,0.002930,1.105225,-3.244275,5.633588,1.099237
-0.025635,0.003662,1.082275,-3.091603,3.267176,-0.534351
-0.032227,0.012695,1.079834,-6.290076,-2.641221,-1.389313
-0.034424,0.012939,1.094482,-6.824428,-4.297710,-1.114504
-0.020752,0.000488,1.101563,-5.786260,-2.290076,-0.541985
-0.029297,-0.001953,1.083984,-5.244275,-1.244275,-1.648855
-0.028320,0.001465,1.081299,-5.832061,-4.061069,-1.916031
-0.024902,0.004150,1.092285,-6.916030,-4.984733,-1.351145
-0.015869,-0.011719,1.100342,-5.709924,-2.114504,-1.244275
-0.026855,0.002441,1.087891,-3.114504,2.122137,-1.137405
-0.025635,-0.009277,1.085938,-4.351145,0.984733,-0.007634
-0.016602,0.004639,1.091064,-6.389313,-3.152672,1.702290
-0.017578,0.000000,1.092041,-5.923664,-3.045802,1.732824
-0.017578,0.002441,1.084473,-4.129771,-2.709924,0.274809
-0.015381,-0.003906,1.072510,-5.778626,-5.282443,0.305344
0.000488,-0.007080,1.101807,-7.106870,-5.816794,-0.030534
-0.002686,0.002441,1.102539,-5.580153,-1.870229,-0.793893
-0.010742,0.001953,1.094971,-4.564886,0.251908,-0.961832
-0.013184,-0.002930,1.085205,-5.664122,-1.305344,-0.664122
-0.013428,-0.009033,1.088867,-6.496183,-3.656489,0.000000
0.000977,-0.001221,1.102539,-5.877862,-0.961832,-0.198473
-0.008789,-0.008057,1.088135,-2.442748,1.969466,-0.717557
-0.020752,-0.007080,1.070801,-5.129771,-2.099237,0.633588
0.003174,-0.000244,1.088135,-7.961832,-4.893130,1.381679
-0.005859,-0.007813,1.100586,-4.618320,-0.282443,0.099237
-0.008057,-0.009033,1.081787,-3.290076,1.076336,1.244275
0.002441,-0.002686,1.083252,-5.778626,-0.900763,2.839695
0.003906,-0.001953,1.096680,-5.564886,-1.580153,2.732824
0.001465,-0.004395,1.095947,-4.480916,-0.358779,1.473282
-0.000488,0.007080,1.093262,-4.572519,1.175573,1.755725
0.004395,-0.000732,1.097656,-4.916030,3.496183,1.908397
-0.003174,0.002197,1.087891,-3.992366,2.923664,0.213740
0.001709,0.002197,1.082764,-5.312977,1.389313,-0.442748
-0.002686,0.000732,1.109131,-5.190840,2.366412,-0.893130
-0.002441,-0.002930,1.083740,-4.717557,2.442748,-0.931298
-0.011230,-0.005859,1.085205,-6.038168,0.801527,-0.419847
-0.003418,0.008789,1.093750,-5.931298,0.267176,-0.251908
-0.009277,-0.003662,1.080322,-5.091603,0.618321,-1.290076
0.000732,0.000977,1.091553,-4.938931,-0.129771,-1.251908
-0.003174,-0.007813,1.089355,-6.160306,0.839695,-0.442748
-0.006836,-0.003906,1.095215,-5.366412,1.625954,0.068702
-0.010742,0.004883,1.092041,-5.648855,1.083969,-0.572519
-0.004883,-0.006348,1.091553,-5.755725,-0.534351,-1.114504
-0.000977,-0.003418,1.096924,-5.129771,0.343511,-0.335878
-0.000244,-0.000244,1.091797,-4.351145,1.847328,0.801527
-0.011475,-0.002441,1.085449,-5.450382,1.152672,1.687023
-0.003174,-0.009521,1.091064,-5.977099,1.229008,1.587786
-0.006348,-0.003174,1.099121,-3.549618,2.755725,-0.091603
-0.007324,0.001709,1.086914,-3.847328,1.175573,-0.458015
-0.002930,0.003418,1.074463,-5.916030,-0.503817,-0.145038
-0.003906,-0.001709,1.103760,-6.290076,-0.511450,-0.022901
-0.010498,-0.005615,1.105957,-4.458015,2.778626,-0.740458
-0.013916,-0.005127,1.099121,-3.458015,4.053435,-0.381679
-0.002441,-0.003906,1.088867,-4.893130,3.961832,0.137405
-0.020752,0.004395,1.091553,-5.099236,4.366412,-0.328244
-0.018555,-0.005127,1.088623,-4.374046,3.305344,-0.877863
-0.019287,-0.000977,1.095215,-5.274809,2.610687,-0.854962
-0.011963,-0.006348,1.089844,-5.488550,2.687023,-0.549618
-0.010986,-0.006592,1.095947,-4.396946,3.465649,-0.580153
-0.019043,0.007080,1.091064,-3.969466,4.145038,-0.328244
-0.031250,-0.007813,1.086426,-4.557252,3.229008,-0.022901
-0.027100,0.001953,1.088623,-5.404580,0.923664,0.648855
-0.015137,-0.000488,1.100098,-5.236641,0.709924,0.496183
-0.012695,-0.006104,1.099121,-4.351145,2.381679,0.022901
-0.025879,-0.001221,1.080322,-4.908397,1.725191,0.702290
-0.025146,0.004395,1.096436,-5.442748,0.221374,0.198473
-0.023193,0.000000,1.093018,-4.938931,0.458015,-0.931298
-0.024658,-0.005371,1.097900,-4.801527,0.725191,-1.022901
-0.017578,0.001709,1.086914,-4.893130,1.488550,-0.038168
-0.019775,0.001953,1.090576,-5.282443,1.572519,0.000000
-0.030518,-0.005127,1.089355,-4.778626,0.687023,-1.091603
-0.019287,0.005859,1.081055,-4.641222,-0.877863,-0.725191
-0.021240,0.000732,1.092041,-5.778626,-2.190840,0.396947
-0.015625,-0.002197,1.098877,-5.770992,-0.969466,0.549618
-0.020508,0.004395,1.086426,-4.694656,-0.160305,-0.244275
-0.021729,-0.001953,1.076660,-6.122138,-1.916031,-0.206107
-0.011475,-0.006592,1.105225,-6.725191,-1.938931,0.267176
-0.020508,0.000000,1.103027,-4.412214,2.137405,-0.267176
-0.016846,-0.002930,1.087891,-3.809160,3.900763,-0.152672
-0.022705,0.000732,1.102051,-4.389313,5.480916,0.656489
-0.028076,0.006592,1.093262,-3.503817,6.022901,0.770992
-0.028320,0.009033,1.085938,-4.122138,2.320611,0.190840
-0.017090,0.006348,1.084473,-4.992366,-0.083969,-0.152672
-0.019287,0.005859,1.098145,-4.549618,0.564885,0.015267
-0.019043,0.003174,1.091309,-4.488550,1.297710,0.908397
-0.033447,0.000244,1.089600,-4.381680,1.190840,0.129771
-0.027344,0.004639,1.080566,-3.763359,-0.992366,-0.595420
-0.022949,0.008789,1.083984,-5.213740,-1.824427,0.076336
-0.023193,0.000732,1.105957,-6.366412,-0.328244,0.709924
-0.024170,-0.003174,1.095947,-4.465649,2.664122,0.175573
-0.027588,0.007568,1.084473,-3.839695,2.061069,-1.106870
-0.025635,0.009766,1.079346,-5.900764,-1.198473,-0.389313
-0.023926,0.003418,1.098633,-6.396946,-0.167939,-0.938931
-0.024658,-0.004883,1.091553,-3.748092,0.923664,-1.816794
-0.028809,0.004883,1.085449,-5.503817,-1.076336,-0.709924
-0.031006,0.004150,1.101074,-6.816794,-1.541985,-0.854962
-0.028564,-0.000732,1.104248,-4.786260,-0.122137,-1.419847
-0.028076,0.008545,1.101074,-4.770992,1.534351,-1.000000
-0.029053,0.000000,1.093018,-5.984733,0.114504,0.251908
-0.025879,0.010498,1.096436,-6.114504,1.564885,-0.221374
-0.021240,0.002197,1.095947,-3.931298,2.923664,-1.473282
-0.023682,0.000000,1.090576,-4.175572,1.679389,-1.183206
-0.023926,0.005615,1.087158,-6.083970,-0.572519,-0.129771
-0.011230,-0.000732,1.098633,-5.458015,0.870229,0.343511
-0.028564,-0.000488,1.093994,-3.381679,1.984733,0.290076
-0.013672,-0.003418,1.093506,-3.282443,-0.129771,0.007634
0.005615,-0.002930,1.085449,-5.351145,-2.076336,1.206107
0.037842,-0.006104,1.048584,-7.030534,0.671756,0.862595
0.001465,0.025391,1.093750,-7.106870,0.854962,1.572519
-0.008301,0.001465,1.081299,-6.541985,-2.664122,3.167939
-0.040771,0.025391,1.117920,-7.679389,-4.213740,3.862595
0.009766,-0.006592,1.101807,-4.778626,-0.167939,2.938931
-0.036621,0.003174,1.096191,-9.854961,-2.549618,5.526718
-0.003906,-0.002930,1.121338,-18.312977,1.106870,3.549618
0.001709,-0.020996,1.114014,-8.160305,6.480916,1.633588
-0.011230,-0.024414,1.089355,-1.702290,7.549618,0.648855
-0.025879,-0.009521,1.036133,-5.198473,3.679389,4.045802
-0.008789,-0.005371,1.088135,-9.854961,0.122137,6.687023
0.016113,-0.008057,1.108887,-3.839695,3.297710,4.297710
-0.011963,-0.003174,1.077148,0.404580,2.870229,3.877863
-0.008545,-0.025635,1.085693,-4.885496,-2.328244,5.557252
0.010742,-0.018066,1.113281,-0.511450,-3.702290,4.664122
0.015381,0.021240,1.068359,-5.732824,-3.022901,5.015267
0.007080,0.007324,1.107666,-7.427481,-5.129771,4.610687
-0.014648,-0.006104,1.118164,9.816793,-2.229008,0.236641
-0.027344,0.015869,1.083252,5.480916,-0.893130,1.519084
0.001221,-0.011963,1.125244,0.541985,4.709924,0.183206
-0.013916,0.023438,1.129639,5.717557,8.854961,-6.030534
-0.036621,0.009766,1.079590,3.938931,5.328244,-8.389313
-0.030029,0.019775,1.075928,-2.870229,2.717557,-7.236641
-0.040771,0.020020,1.099854,-5.641222,3.175573,-9.984733
-0.055420,0.015869,1.096436,-2.664122,4.580153,-14.068703
-0.110107,0.006592,1.093018,-3.106870,1.534351,-13.679389
-0.114014,-0.011963,1.094482,12.000000,-3.656489,-22.488550
-0.101074,0.026367,1.042480,-6.748092,-12.755725,-16.358778
-0.050049,-0.002686,1.108154,3.244275,-17.122137,-11.290076
0.002686,0.148193,0.823486,0.839695,-14.786260,-13.106871
-0.022705,0.088379,1.080078,-2.274809,-4.183206,-12.877863
-0.027100,0.027100,1.061523,-2.534351,-1.473282,-9.641221
-0.045898,0.031982,1.090332,-7.511450,-2.633588,-10.610687
-0.024658,0.048828,1.109863,-10.076336,2.122137,-6.312977
-0.003906,-0.008057,1.106201,-7.267176,19.129770,9.343512
0.020508,0.119873,1.099121,-6.175572,39.541985,22.274809
0.037842,0.142822,1.074219,-17.923664,59.473282,48.038166
-0.045166,0.019531,1.203613,-12.885496,52.938931,41.007633
-0.095215,-0.074219,1.073975,24.885496,30.526718,15.114504
-0.115479,0.008057,0.963623,-1.137405,2.679389,8.564885
-0.062012,0.037842,1.068848,-20.053434,-8.427481,6.923664
-0.081787,0.057861,1.107910,-12.877863,-7.625954,0.900763
-0.105225,0.018799,1.076904,-9.778625,-15.160305,-1.687023
-0.100586,0.051270,1.046875,-11.175572,-20.923664,-6.007634
-0.077637,0.052002,1.066406,-19.839695,-16.145039,-5.160306
-0.076172,0.000732,1.125732,-9.114504,-9.938931,-5.709924
-0.094482,0.017090,1.113525,-11.091603,-4.534351,-8.595420
-0.070068,-0.001221,1.075195,-4.328244,0.396947,-5.496183
-0.073486,0.029297,1.095215,-7.389313,1.396947,-4.755725
-0.067139,0.000732,1.076172,-3.198473,-1.312977,-7.412214
-0.064453,-0.001953,1.094482,-9.809160,-4.740458,-7.099236
-0.049316,0.014160,1.075684,-4.801527,-0.564885,-6.709924
-0.061523,0.022705,1.095947,-5.374046,-1.221374,-5.832061
-0.070313,0.015625,1.091309,-5.045802,-1.190840,-5.259542
-0.054932,0.019043,1.079834,-6.343512,0.045802,-2.900763
-0.046875,0.016602,1.080566,-6.549618,-0.351145,-4.022901
-0.052734,0.009033,1.099121,-7.984733,-2.587786,-4.557252
-0.057617,0.004639,1.097656,-6.458015,-0.984733,-1.946565
-0.062500,0.013184,1.106934,1.076336,2.595420,-1.312977
-0.089355,0.034912,1.063721,-5.251908,-1.358779,1.396947
-0.083984,-0.012207,1.110107,-3.572519,-2.114504,1.076336
-0.081055,0.003906,1.070801,-4.503817,-0.312977,0.488550
-0.063965,0.031494,1.096191,-5.900764,1.175573,4.267176
-0.064453,0.037109,1.098633,-1.992366,3.229008,6.381680
-0.093506,0.007813,1.075928,-1.106870,2.366412,3.931298
-0.079834,0.001953,1.082031,-7.076336,0.702290,0.900763
-0.048584,0.013916,1.091797,-6.473282,1.854962,1.137405
-0.056885,0.003906,1.110107,-3.038168,2.473282,2.587786
-0.038330,0.008789,1.103760,-1.465649,2.679389,2.809160
-0.053955,0.028809,1.064453,-9.183207,-0.625954,3.969466
-0.061523,0.011475,1.092041,-4.839694,0.526718,0.496183
-0.049316,0.012939,1.094238,-4.679389,1.145038,0.740458
-0.066650,0.026611,1.091309,-5.427481,0.244275,-0.160305
-0.067627,0.004883,1.074707,-9.290076,-1.435115,-0.442748
-0.043457,0.003906,1.093506,-7.083970,0.038168,0.389313
-0.048340,0.002197,1.087891,-6.526718,0.145038,-0.786260
-0.046143,0.002197,1.095459,-5.206107,-0.526718,-1.450382
-0.056885,0.014404,1.081299,-5.305344,-0.503817,-1.725191
-0.059326,0.018066,1.091797,-7.473282,-1.603053,-2.541985
-0.056885,0.013184,1.091797,-6.259542,-0.847328,-2.221374
-0.040039,0.003662,1.090576,-2.961832,1.862595,-1.641221
-0.058105,0.004150,1.077881,-5.641222,0.389313,-2.748092
-0.074463,0.022461,1.086914,-8.923664,-2.374046,-2.671756
-0.048584,0.011230,1.079590,-9.946565,-1.938931,-1.442748
-0.049316,0.001953,1.094727,-8.755725,-1.137405,-1.625954
-0.040527,-0.005127,1.082031,-11.274809,-2.366412,-3.000000
-0.051514,0.003418,1.107666,-8.297709,-1.068702,-1.847328
-0.058594,-0.001465,1.099854,-3.633588,0.603053,0.587786
-0.056885,-0.005371,1.087646,-3.183206,0.679389,1.480916
-0.052490,-0.002441,1.081543,-5.015267,0.702290,0.442748
-0.044678,-0.001709,1.091309,-4.335878,1.091603,0.030534
-0.057861,0.011719,1.076660,-5.534351,0.717557,-0.290076
-0.044434,-0.022217,1.115479,-0.801527,1.854962,0.190840
-0.068604,0.000000,1.088379,-0.557252,2.496183,2.061069
-0.062744,0.005859,1.072998,-4.236641,1.610687,0.992366
-0.047119,0.002930,1.081055,-8.580153,1.190840,-0.763359
-0.046631,0.002197,1.090088,-7.053435,1.068702,-0.351145
-0.044678,-0.008789,1.088379,-5.595420,1.511450,-0.206107
-0.042480,0.003418,1.087646,-5.458015,0.862595,-0.709924
-0.037842,-0.001221,1.110352,-4.442748,0.809160,-0.152672
-0.054443,-0.006836,1.086670,-3.419847,0.557252,-1.419847
-0.062500,0.014648,1.085693,-4.053435,0.854962,-0.656489
-0.062256,-0.001465,1.083984,-5.709924,0.099237,-0.007634
-0.048584,0.002441,1.086426,-6.129771,0.000000,-0.679389
-0.047363,0.006592,1.092285,-4.106870,0.862595,-0.251908
-0.052979,0.003662,1.077393,-5.137404,0.618321,-0.625954
-0.056885,0.002197,1.087646,-5.274809,0.366412,-0.740458
-0.057373,-0.005371,1.082764,-4.641222,0.274809,-0.328244
-0.056641,-0.002197,1.089844,-4.473282,0.557252,-0.709924
-0.060303,0.008057,1.074219,-6.694656,-0.396947,-1.748092
-0.041748,0.001953,1.088623,-6.671756,-0.511450,-2.450382
-0.038330,-0.003174,1.094482,-6.099236,-0.343511,-2.763359
-0.049805,0.006348,1.093750,-3.778626,0.664122,-2.801527
-0.042969,-0.007080,1.086914,-5.458015,-0.671756,-2.374046
-0.065430,0.018555,1.105469,-3.809160,0.229008,-1.198473
-0.064209,-0.003418,1.092041,-3.206107,0.763359,-1.503817
-0.062012,0.006836,1.090332,-5.541985,0.061069,-1.404580
-0.051758,0.007813,1.096924,-4.633588,0.618321,-0.053435
-0.049805,-0.004639,1.093018,-4.374046,0.603053,-0.114504
-0.055908,0.009521,1.082031,-4.893130,0.595420,-0.282443
-0.060303,0.001709,1.087891,-5.167939,0.595420,0.190840
-0.057861,0.000977,1.086182,-4.290076,1.183206,0.656489
-0.049561,0.007324,1.093750,-5.106870,0.679389,-0.053435
-0.049072,0.009277,1.092773,-5.648855,0.312977,0.122137
-0.046143,-0.002441,1.095947,-5.526718,0.312977,-0.832061
-0.043213,-0.000488,1.099609,-4.824428,0.541985,-0.122137
-0.052979,0.007324,1.087158,-4.053435,0.854962,-0.160305
-0.049805,0.017090,1.088623,-4.969466,0.175573,-0.305344
-0.057373,-0.004150,1.091309,-6.007634,-0.061069,-0.343511
-0.049072,0.001221,1.088379,-5.190840,0.381679,-0.221374
-0.051514,0.006836,1.089355,-5.633588,0.328244,-0.282443
-0.045654,0.002197,1.083008,-5.503817,0.595420,0.007634
-0.063965,0.002441,1.087646,-4.885496,0.549618,0.458015
-0.053955,-0.001221,1.086914,-5.351145,0.374046,0.496183
-0.045410,0.004395,1.095215,-3.770992,1.259542,0.786260
-0.046875,0.006592,1.093262,-4.488550,0.732824,0.053435
-0.057129,0.009033,1.090088,-5.328244,0.541985,0.381679
-0.049561,0.004150,1.095947,-4.977099,0.854962,0.809160
-0.052490,0.005859,1.087402,-4.954198,0.603053,0.137405
-0.042969,0.005859,1.087646,-5.625954,0.412214,-0.404580
-0.062012,0.007080,1.086182,-6.923664,-0.419847,-0.473282
-0.042480,0.000488,1.094971,-4.984733,0.396947,0.229008
-0.044678,0.006348,1.094971,-4.992366,0.366412,-0.030534
-0.054199,0.008301,1.094727,-7.229008,-0.267176,-0.625954
-0.046631,-0.001221,1.092285,-7.389313,-0.473282,-0.458015
-0.049561,-0.001953,1.092285,-6.274809,0.068702,-0.335878
-0.041992,-0.000977,1.086670,-4.656488,0.572519,-0.068702
-0.043945,-0.001221,1.088379,-5.297710,0.221374,-0.007634
-0.054199,-0.008301,1.086182,-4.931298,0.519084,0.320611
-0.047852,-0.003906,1.095947,-3.534351,1.374046,0.748092
-0.055908,0.007813,1.086670,-4.045802,1.099237,0.381679
-0.062744,0.008301,1.088623,-5.564886,0.259542,0.160305
-0.046875,-0.006592,1.094238,-4.068702,0.992366,0.671756
-0.050781,-0.001465,1.092529,-4.832061,0.534351,-0.206107
-0.050781,0.007568,1.087402,-6.480916,-0.137405,-0.923664
-0.057861,0.005615,1.084229,-6.564886,-0.015267,-0.312977
-0.059326,-0.004883,1.091064,-5.450382,0.244275,-0.045802
-0.050781,-0.005371,1.089355,-5.038168,0.335878,-0.259542
-0.051025,-0.000244,1.088623,-6.114504,-0.038168,-0.625954
-0.049072,0.000244,1.092773,-6.251908,-0.083969,-0.305344
-0.046387,0.001709,1.094971,-5.053435,0.641221,0.381679
-0.051270,0.004395,1.077881,-4.786260,1.106870,0.114504
-0.050049,0.010986,1.079102,-6.419847,-0.030534,-0.442748
-0.050293,-0.006836,1.101807,-5.992366,-0.007634,-0.427481
-0.051514,-0.003906,1.094238,-6.244275,-0.183206,-0.374046
-0.055420,0.001953,1.082275,-5.992366,0.198473,-0.152672
-0.049316,0.000244,1.079590,-5.320611,0.541985,0.099237
-0.049316,-0.002686,1.084473,-4.931298,0.557252,0.282443
-0.048584,-0.001221,1.088867,-5.000000,0.488550,0.091603
-0.048584,0.005127,1.092773,-5.557252,0.366412,0.190840
-0.050049,-0.004395,1.087891,-5.282443,0.595420,0.213740
-0.055908,-0.001465,1.078369,-4.809160,0.358779,-0.015267
-0.051270,-0.004395,1.095703,-5.236641,0.358779,-0.038168
-0.056152,-0.005615,1.087402,-4.442748,0.961832,0.312977
-0.058838,0.011230,1.084473,-4.541985,0.778626,0.435115
-0.053223,0.001465,1.092041,-4.503817,0.641221,0.473282
-0.055908,-0.003174,1.084473,-2.442748,1.458015,1.122137
-0.055908,0.003418,1.089355,-2.900763,1.534351,0.778626
-0.045410,0.006836,1.078369,-5.900764,0.366412,-0.175573
-0.049561,-0.001465,1.098389,-6.732824,-0.213740,-0.374046
-0.057617,-0.000977,1.097168,-4.274809,0.687023,0.251908
-0.053467,0.002441,1.084229,-5.007634,0.526718,-0.282443
-0.048584,0.001709,1.090820,-6.603054,-0.068702,-0.755725
-0.055908,-0.004639,1.096680,-6.450382,-0.229008,-0.381679
-0.046875,-0.005371,1.088867,-4.351145,0.885496,0.267176
-0.048340,0.002197,1.094238,-5.458015,0.167939,-0.114504
-0.054443,0.008057,1.082031,-6.610687,-0.221374,-0.381679
-0.056396,-0.006104,1.098145,-5.671756,0.183206,0.015267
-0.046631,-0.001465,1.092285,-4.572519,0.694656,0.198473
-0.046387,0.006836,1.086914,-5.694656,0.183206,-0.290076
-0.046387,0.000732,1.089111,-6.503817,-0.160305,-0.564885
-0.046387,-0.001709,1.084229,-6.381680,-0.007634,-0.389313
-0.045654,0.000732,1.096680,-5.213740,0.358779,-0.061069
-0.052246,-0.001465,1.090088,-5.480916,0.236641,-0.229008
-0.049072,-0.002197,1.097168,-5.587786,0.312977,-0.190840
-0.050049,0.000977,1.087402,-4.900764,0.625954,0.274809
-0.048096,-0.006348,1.090088,-5.725191,0.091603,-0.061069
-0.045410,-0.005615,1.081055,-5.083970,0.106870,-0.061069
-0.048340,-0.000732,1.087402,-5.007634,0.534351,-0.213740
-0.049316,-0.006104,1.089355,-4.977099,0.916031,0.022901
-0.050049,-0.005615,1.093262,-5.007634,0.290076,0.412214
-0.043457,-0.001221,1.094238,-3.114504,1.366412,0.877863
-0.050537,0.005127,1.092285,-4.389313,1.137405,0.198473
-0.058350,0.004639,1.083496,-5.809160,0.290076,-0.305344
-0.041504,-0.010742,1.086182,-4.961832,0.549618,0.145038
-0.054932,-0.000732,1.090820,-3.824427,1.015267,0.458015
-0.053467,-0.002197,1.091553,-5.587786,0.396947,-0.549618
-0.053955,-0.003662,1.085449,-6.396946,-0.198473,-0.442748
-0.041992,-0.010742,1.098633,-4.297710,0.816794,0.458015
-0.044922,-0.000488,1.088135,-3.900763,1.015267,0.412214
-0.046143,0.004883,1.086182,-6.022901,0.030534,-0.267176
-0.045898,-0.000732,1.092529,-5.748092,0.221374,-0.183206
-0.046387,-0.007813,1.089844,-4.061069,1.259542,0.763359
-0.041992,-0.000488,1.090088,-4.221374,0.763359,0.503817
-0.045410,-0.002686,1.093994,-5.969466,0.129771,-0.465649
-0.059082,-0.001465,1.090332,-5.274809,0.297710,-0.297710
-0.041260,0.004150,1.095215,-4.366412,0.641221,0.068702
-0.048828,0.002686,1.094238,-5.732824,0.007634,-0.099237
-0.045410,-0.006348,1.099365,-5.679389,0.068702,-0.381679
-0.051025,-0.007813,1.094727,-5.526718,-0.061069,0.282443
-0.045410,-0.003906,1.086182,-4.190840,0.900763,0.427481
-0.049316,0.006592,1.086670,-4.961832,0.366412,-0.129771
-0.053955,-0.004395,1.092285,-5.419847,-0.015267,-0.221374
-0.051514,-0.001221,1.085938,-4.000000,0.908397,0.366412
-0.047607,-0.002686,1.091309,-5.068702,0.778626,0.045802
-0.049072,0.000000,1.093018,-4.954198,0.709924,0.183206
-0.050049,-0.010498,1.102295,-3.511450,1.221374,0.847328
-0.050293,0.002197,1.087891,-2.725191,1.480916,1.015267
-0.051025,0.003662,1.081055,-4.694656,0.572519,0.374046
-0.055420,-0.000244,1.088379,-5.030534,0.473282,-0.038168
-0.045410,0.003906,1.090576,-4.061069,0.580153,0.160305
-0.060059,0.005615,1.083984,-5.129771,0.305344,-0.290076
-0.045654,0.002930,1.095215,-6.625954,-0.213740,-0.740458
-0.047607,-0.000732,1.091553,-5.801527,0.175573,-0.290076
-0.041504,0.001465,1.093506,-4.381680,0.702290,0.244275
-0.041992,0.008789,1.077393,-5.152672,0.435115,-0.061069
-0.062256,0.004395,1.095215,-6.198473,0.053435,-0.572519
-0.042725,-0.003174,1.092773,-5.427481,0.488550,-0.076336
-0.045654,0.004395,1.097656,-4.618320,0.748092,0.183206
-0.052979,0.008789,1.097412,-5.076336,0.297710,-0.236641
-0.053711,0.004395,1.089355,-5.977099,0.190840,-0.358779
-0.049805,-0.005127,1.084961,-5.114504,0.374046,-0.022901
-0.047852,0.006104,1.090088,-4.167939,0.816794,0.297710
-0.051025,0.002197,1.086670,-4.511450,0.770992,0.167939
-0.048096,0.004150,1.096680,-5.847328,-0.053435,-0.175573
-0.046875,-0.001465,1.096680,-4.167939,1.076336,0.442748
-0.042969,0.007568,1.087646,-4.954198,0.786260,0.122137
-0.048828,0.010254,1.085693,-5.503817,0.206107,-0.229008
-0.051270,-0.001709,1.096924,-4.687023,0.557252,0.160305
-0.044189,0.002930,1.089600,-4.671756,0.534351,-0.175573
-0.054199,0.002686,1.093994,-6.832061,-0.259542,-0.893130
-0.046875,-0.002197,1.095215,-5.786260,0.129771,-0.488550
-0.046387,-0.003418,1.102783,-3.236641,1.206107,0.427481
-0.056396,0.000244,1.086914,-3.770992,0.961832,0.633588
-0.057373,0.009033,1.079590,-4.442748,0.435115,0.511450
-0.046631,0.003662,1.089844,-4.465649,0.679389,0.450382
-0.052246,0.000732,1.083252,-4.503817,0.946565,0.625954
-0.052246,0.001709,1.092285,-4.267176,1.229008,-0.267176
-0.053955,0.004639,1.088379,-7.427481,-0.221374,-1.145038
-0.051270,-0.009766,1.090088,-7.274809,-0.458015,-0.374046
-0.046631,0.004639,1.091064,-4.885496,1.190840,0.595420
-0.050537,0.018066,1.090820,-7.305344,0.366412,0.702290
-0.055664,-0.000977,1.083496,-9.106871,-0.282443,-0.267176
-0.078369,0.008789,1.088623,-12.015267,-0.755725,-0.931298
-0.066162,0.010010,1.089355,-12.595420,0.038168,0.450382
-0.054443,-0.000488,1.085693,-13.297709,0.473282,0.236641
-0.041992,-0.038574,1.094971,-17.343512,-1.984733,-0.671756
-0.059326,-0.094238,1.079834,-7.519084,3.053435,-1.633588
-0.108887,-0.015625,1.093018,-10.412213,2.038168,1.366412
-0.074707,-0.021729,1.075684,-11.053435,1.030534,2.167939
-0.062256,-0.063721,1.149170,-4.496183,3.656489,1.679389
-0.062012,-0.034912,1.081299,3.717557,7.190840,-3.488550
-0.063721,-0.004395,1.080078,-3.091603,3.282443,2.175573
-0.070313,-0.015869,1.108887,2.282443,5.450382,4.412214
-0.097412,-0.017578,1.049805,2.175573,6.312977,1.000000
-0.088867,-0.017578,1.041504,-3.160305,0.740458,0.595420
-0.092773,-0.006836,1.094238,-9.656488,0.541985,-3.290076
-0.083008,0.005127,1.101563,-5.931298,2.763359,-6.839694
-0.076660,-0.026367,1.107910,-6.717557,3.061069,-5.687023
-0.068848,-0.052002,1.101563,2.175573,4.908397,-9.381680
-0.070313,0.014160,1.086670,-11.755725,1.603053,-4.312977
-0.077881,-0.027832,1.052246,1.106870,0.038168,-5.580153
-0.063721,0.012207,1.070801,-12.404580,1.183206,-1.862595
-0.071289,-0.051514,1.112061,-3.374046,2.145038,-0.343511
-0.114014,-0.005615,1.072998,-1.061069,-5.526718,-1.236641
-0.064941,-0.002930,1.058838,-7.091603,-10.137404,-1.786260
-0.078613,0.014893,1.124268,-11.419847,-15.572519,2.297710
-0.019531,-0.044678,1.103760,-2.465649,-11.305344,3.885496
-0.061768,-0.024414,1.075928,-1.412214,-10.671756,5.694656
-0.049805,-0.031982,1.058105,-3.503817,-9.877863,8.000000
-0.041016,-0.008301,1.097168,-2.687023,-5.450382,7.877862
-0.029053,-0.009521,1.106445,-2.847328,-3.740458,6.366412
-0.069824,0.016357,1.110596,1.526718,-3.748092,4.862596
-0.034424,0.001465,1.093018,-2.969466,-9.595420,6.557252
-0.009766,-0.020020,1.058105,-6.511450,-11.564885,2.916031
0.000000,0.003418,1.055420,-8.007633,-9.343512,-0.557252
-0.012939,0.022217,1.122803,-3.030534,-7.908397,-0.763359
-0.023682,-0.015625,1.041992,0.442748,-12.549619,1.213740
-0.017578,0.001709,1.084473,-10.068703,-16.045801,0.580153
0.031982,0.005859,1.100830,-6.122138,-9.702291,0.435115
0.038330,0.020020,1.120361,-4.305344,-6.412214,0.648855
0.046631,0.011963,1.093262,-5.389313,-3.091603,-1.274809
0.026367,-0.034180,1.068359,-2.396947,-2.083969,-2.343511
0.067383,-0.028564,1.072754,-3.183206,-2.076336,-2.106870
0.037842,0.001465,1.092285,-1.389313,-0.908397,-2.961832
0.076416,-0.018311,1.039307,-3.351145,0.145038,-4.335878
0.060791,-0.012451,1.105957,-5.022901,-0.152672,-3.755725
0.055908,0.012451,1.086914,-3.343511,2.541985,-4.877862
0.055420,0.001221,1.068604,-1.061069,1.015267,-3.679389
0.067871,0.012207,1.071777,-6.206107,-1.961832,-1.587786
0.048584,-0.010742,1.094482,-5.572519,-1.206107,-2.564885
0.007813,0.000977,1.095459,-3.977099,-1.587786,-2.549618
0.018311,-0.007324,1.094482,-4.091603,-2.862595,-1.961832
0.018311,0.000244,1.084473,-5.587786,-2.450382,-1.526718
0.024658,0.000000,1.102051,-4.633588,0.137405,-1.992366
0.015381,-0.000488,1.081787,-2.435115,-0.748092,-2.374046
0.024902,0.002441,1.078369,-6.419847,-3.099237,-1.122137
0.035156,0.005127,1.111816,-5.458015,-0.961832,-0.503817
0.026855,0.004883,1.096924,-3.687023,2.442748,-0.603053
0.004150,0.003418,1.073242,-4.061069,-0.160305,1.755725
0.023926,0.003906,1.096191,-6.213740,-2.099237,3.312977
0.020264,-0.002441,1.104248,-4.091603,1.717557,2.259542
0.016846,0.000977,1.089355,-3.671756,3.137405,2.259542
0.020264,-0.001709,1.084717,-4.763359,-1.625954,3.778626
0.041016,0.006104,1.093994,-7.114504,-3.068702,4.259542
0.023682,0.000977,1.109863,-4.854962,-1.167939,2.450382
0.020020,0.009277,1.093018,-1.877863,0.748092,1.610687
0.022217,0.013672,1.091064,-4.145038,-0.190840,2.755725
0.039063,-0.001221,1.105469,-4.145038,1.335878,2.335878
0.024658,-0.000977,1.092041,-0.198473,5.236641,0.328244
0.013672,0.012939,1.060791,-3.908397,2.503817,0.297710
0.010742,0.009033,1.085449,-6.366412,-1.816794,2.175573
0.030518,0.008789,1.102295,-4.885496,-0.328244,0.229008
0.024170,0.008057,1.095215,-4.885496,0.473282,-0.603053
0.016113,0.001953,1.082031,-5.007634,-3.351145,0.679389
0.039551,0.015381,1.094971,-7.427481,-3.206107,1.145038
0.033447,0.012939,1.107178,-5.221374,1.213740,-0.480916
0.020996,0.009766,1.083252,-3.908397,3.213740,-1.824427
0.011719,-0.009033,1.084473,-5.763359,-0.190840,-0.167939
0.044189,0.013672,1.108643,-6.603054,2.137405,-0.480916
0.019287,0.008545,1.096191,-3.641221,4.412214,-2.152672
0.020752,0.011230,1.084961,-4.099236,2.335878,-1.893130
0.027100,0.005615,1.086426,-6.229008,0.221374,-0.435115
0.029541,0.003662,1.096680,-4.961832,0.137405,-0.358779
0.026855,0.006836,1.094482,-4.167939,-0.511450,-0.709924
0.016357,0.002930,1.088867,-4.893130,-1.572519,-1.786260
0.021484,0.007080,1.074463,-4.679389,-3.801527,-0.725191
0.039795,0.016113,1.110107,-3.938931,-1.946565,-2.977099
0.022949,0.008545,1.091797,2.274809,1.488550,-6.221374
0.001221,0.020508,1.101563,-3.732824,-1.061069,-3.000000
0.029541,0.008301,1.110596,-3.519084,0.770992,-4.740458
0.001709,0.004395,1.115723,-1.114504,1.213740,-6.625954
0.011475,0.046875,1.098877,-2.412214,1.053435,-4.213740
0.006104,0.025879,1.097168,-6.778626,1.374046,-2.488550
0.007080,0.021240,1.073975,-6.450382,-2.152672,-2.198473
0.014648,0.028320,1.089844,-6.427481,-2.480916,-2.572519
0.037109,0.012207,1.087402,-6.007634,-1.534351,-2.496183
0.029053,0.015381,1.097656,-5.671756,0.473282,-0.129771
0.033203,0.012695,1.099365,-5.022901,2.969466,0.557252
0.026611,0.013184,1.101074,-2.984733,7.053435,-0.610687
0.026367,0.015137,1.087646,-3.183206,5.946565,-3.091603
0.011963,0.025146,1.083252,-6.625954,1.656489,-3.206107
0.023193,0.009766,1.079102,-6.618320,-2.587786,-3.946565
0.023682,0.008057,1.097168,-6.015267,-4.145038,-4.274809
0.033203,0.021484,1.085693,-6.480916,-2.580153,-3.977099
0.033447,0.004395,1.100098,-6.213740,-1.106870,-4.015267
0.034180,0.006836,1.093262,-4.557252,1.519084,-4.862596
0.013184,0.013672,1.087646,-5.580153,-0.259542,-2.389313
0.033936,0.001221,1.094727,-8.183207,-0.954198,-1.145038
0.016602,0.013672,1.092285,-5.435114,1.358779,-1.885496
0.007080,0.016113,1.072754,-6.267176,-0.343511,-0.259542
0.030273,0.005615,1.098389,-7.488550,-0.122137,0.175573
0.028076,0.013428,1.091064,-5.511450,-0.587786,0.114504
0.038574,0.002441,1.098877,-6.274809,-0.824427,0.557252
0.037354,0.007568,1.109131,-4.618320,1.580153,0.030534
0.031494,0.016113,1.083496,-3.625954,3.847328,0.175573
0.016113,0.005127,1.082275,-4.381680,1.603053,0.770992
0.032471,0.019043,1.090820,-5.244275,0.625954,1.511450
0.029053,0.008789,1.096191,-4.938931,1.122137,0.992366
0.027344,0.002930,1.097168,-4.572519,2.496183,0.267176
0.018066,0.002686,1.092773,-4.343512,2.076336,0.984733
0.030762,0.010986,1.098877,-5.839694,3.351145,0.740458
0.029297,0.012695,1.091797,-3.977099,4.091603,-0.938931
0.024902,0.010986,1.083984,-3.824427,2.778626,-0.938931
0.028564,0.010742,1.089355,-6.267176,-0.358779,0.183206
0.029297,0.014160,1.105957,-6.610687,-0.335878,0.343511
0.034180,0.007324,1.098145,-4.061069,0.931298,-0.419847
0.010742,0.006836,1.081543,-4.312977,0.458015,-0.076336
0.015625,0.008789,1.093262,-6.969466,-0.198473,1.167939
0.012695,0.012939,1.097900,-6.068702,1.473282,0.816794
0.022461,0.005127,1.087158,-5.954198,2.732824,0.412214
0.020996,0.012695,1.097656,-5.045802,3.519084,-0.366412
0.020508,0.007568,1.086182,-5.648855,2.763359,-0.625954
0.021484,0.009277,1.104248,-4.862596,2.854962,-1.480916
0.007813,0.004395,1.096924,-4.893130,1.656489,-1.564885
0.013916,0.001953,1.085205,-6.381680,-0.488550,-0.435115
0.019043,0.013184,1.100830,-5.580153,-0.083969,-0.526718
0.017822,0.009521,1.090332,-3.572519,0.618321,-0.954198
0.016357,0.008057,1.087646,-6.152672,-0.572519,0.152672
0.020264,-0.003174,1.095459,-5.885496,0.656489,-0.198473
0.021973,0.005859,1.098145,-4.732824,0.946565,-0.282443
0.016602,0.010498,1.091797,-5.954198,-0.511450,0.793893
0.010010,0.015381,1.102051,-5.900764,0.053435,0.786260
0.018066,0.007813,1.089111,-4.572519,-0.053435,0.190840
0.014893,-0.001221,1.090576,-5.809160,-0.931298,0.580153
0.023926,0.005615,1.097900,-6.755725,-0.496183,0.610687
0.012695,0.012695,1.091309,-4.748092,1.412214,-1.091603
0.011230,0.007080,1.084961,-4.145038,0.480916,-1.801527
0.014648,0.002930,1.084717,-6.572519,-2.961832,-0.114504
0.024902,0.008789,1.102295,-6.786260,-1.335878,0.610687
0.019531,0.007324,1.095215,-2.862595,2.290076,-0.045802
0.013672,0.008057,1.090820,-4.183206,1.503817,0.992366
0.016113,-0.002930,1.081055,-6.427481,-2.778626,1.007634
0.020020,0.008789,1.097900,-6.618320,-4.282443,0.480916
0.037109,0.012451,1.104004,-5.045802,-1.625954,-0.190840
0.032715,0.000244,1.094482,-4.603054,-0.847328,-0.343511
0.020020,0.004150,1.094482,-6.320611,-1.458015,0.335878
0.039795,0.006104,1.097656,-5.312977,1.419847,-0.740458
0.033691,0.003174,1.099365,-3.862595,3.152672,-1.229008
0.027832,0.009766,1.086914,-3.480916,4.358778,-1.030534
0.017090,0.007324,1.083740,-5.633588,2.045802,-0.412214
0.020508,0.004395,1.092285,-5.335878,1.519084,-0.809160
0.028076,0.001709,1.077393,-5.389313,1.229008,-1.137405
0.005371,0.000488,1.087646,-4.916030,0.870229,-0.297710
0.018066,0.003174,1.078369,-6.015267,-0.870229,0.366412
0.027344,0.001221,1.093994,-5.396946,-0.076336,-0.671756
0.017334,0.007813,1.088867,-5.045802,-0.297710,-0.511450
0.021973,0.009277,1.089355,-6.083970,-1.557252,0.198473
0.026367,0.008301,1.098633,-5.358778,0.007634,0.267176
0.028076,-0.001953,1.097412,-4.122138,1.969466,-0.152672
0.025879,0.001221,1.086426,-4.152672,3.969466,0.160305
0.014893,0.006348,1.085449,-4.381680,2.656489,0.045802
0.017090,0.007080,1.079590,-5.801527,0.259542,0.312977
0.023682,0.001953,1.098145,-5.496183,0.557252,-0.694656
0.010498,0.013916,1.102539,-5.038168,1.496183,-0.885496
0.015869,0.002930,1.087402,-5.511450,1.106870,-0.625954
0.015381,0.005859,1.101563,-5.625954,1.885496,-0.374046
0.018555,0.012939,1.087158,-4.381680,1.740458,-0.633588
0.020996,0.003418,1.081299,-5.984733,-0.748092,-0.022901
0.024414,0.001953,1.092529,-6.648855,-0.190840,0.030534
0.018799,0.004639,1.092773,-4.923664,1.022901,-0.679389
0.020264,0.002930,1.091797,-5.351145,1.496183,-0.557252
0.016846,0.006348,1.088623,-4.732824,2.137405,-0.687023
0.015137,0.010498,1.090088,-5.656488,1.572519,-0.259542
0.018311,0.015381,1.097412,-5.396946,0.450382,-0.374046
0.025391,-0.001709,1.092285,-6.381680,-0.412214,-0.694656
0.014893,0.008789,1.107422,-4.557252,1.114504,-0.648855
0.022949,0.004883,1.084473,-4.664122,1.358779,-0.099237
0.010010,0.007568,1.083496,-6.045802,-1.427481,0.740458
0.032227,0.006592,1.101318,-6.793893,-1.236641,0.671756
0.030518,-0.002197,1.099854,-4.488550,0.419847,0.351145
0.016113,-0.000488,1.077881,-5.580153,-0.145038,1.030534
0.032715,0.005371,1.088623,-6.755725,-1.335878,1.435115
0.035889,0.006104,1.088135,-5.961832,-1.824427,0.648855
0.028076,0.005127,1.104248,-5.885496,-2.068702,2.076336
0.031006,-0.001953,1.112549,-5.274809,2.946565,2.328244
0.087891,-0.003906,1.030029,-2.702290,10.679389,0.488550
-0.018311,0.032471,1.112793,-5.312977,8.778625,4.312977
-0.042969,0.032715,1.164063,-9.664123,2.954198,4.519084
0.048096,-0.026367,1.055176,-8.190840,0.442748,5.664122
0.029297,-0.004883,1.101074,-6.450382,0.984733,6.938931
0.026123,0.035889,1.138916,-10.847328,4.381680,9.366412
0.046387,-0.019775,1.106689,-10.702291,3.992366,11.885496
0.052734,-0.010742,1.099365,-11.877863,2.778626,11.755725
0.060791,-0.001221,1.078857,-9.022901,6.526718,14.305344
0.029785,-0.019775,1.085938,-4.687023,4.641222,8.541985
0.043457,-0.016602,1.077637,-2.694656,0.000000,3.083969
0.015625,0.002197,1.091064,-6.511450,0.412214,-2.122137
0.050781,-0.003174,1.097900,-3.946565,5.038168,-1.778626
0.025146,0.007080,1.102539,0.274809,13.160305,-1.167939
-0.041504,-0.019287,1.113037,3.068702,9.763359,0.343511
0.021240,-0.078857,1.037842,-2.366412,7.167939,-1.503817
0.050781,-0.048340,1.106445,12.137404,22.259542,-3.412214
0.005859,0.061035,1.028564,10.809160,21.343512,-8.923664
-0.010254,-0.009766,1.063965,-0.427481,17.816793,-9.244275
-0.044189,0.013428,1.033447,-3.946565,11.083969,-4.038168
-0.046143,-0.010010,1.087891,-9.061069,4.114504,-7.702290
-0.014160,0.035400,1.079102,13.488549,10.687023,-4.229008
-0.022949,0.117432,1.010742,-6.267176,5.068702,-13.549619
-0.024414,0.021240,1.097656,-0.160305,9.030535,-12.664123
-0.075195,0.062256,1.046631,-0.458015,8.374045,-7.007634
-0.071533,0.005371,1.062256,-10.687023,-2.022901,-0.396947
-0.055908,0.012451,1.098877,-2.595420,6.664122,-3.358779
-0.062988,-0.006104,1.051025,-11.961832,4.786260,-8.557252
-0.085693,0.028564,1.065430,-11.190840,-0.435115,-10.000000
-0.093262,0.027588,1.057617,-13.190840,-3.778626,-9.564885
-0.108887,0.016357,1.070313,-14.427481,-4.793893,-9.343512
-0.088379,0.000488,1.121826,-13.778625,-5.030534,-7.900764
-0.098389,-0.003174,1.108398,-8.259542,-2.290076,-6.633588
-0.071533,-0.013672,1.104736,-8.374045,0.450382,-3.709924
-0.095215,-0.001709,1.105225,-7.404580,-1.938931,-1.610687
-0.092773,-0.001221,1.074707,-10.282443,-5.358778,-1.618321
-0.103271,0.001221,1.110107,-12.816793,-5.053435,1.580153
-0.092041,-0.020752,1.109375,-6.183206,-1.160305,2.511450
-0.052246,-0.002930,1.076660,-4.816794,1.145038,-0.572519
-0.066895,-0.007813,1.074951,-8.198473,-2.167939,-4.206107
-0.064941,-0.002197,1.079590,-8.564885,-0.984733,-2.664122
-0.054932,-0.009033,1.089844,-6.893130,0.656489,-0.694656
-0.058105,-0.019531,1.077881,-5.702290,0.183206,1.206107
-0.046387,0.008057,1.068115,-8.954199,-0.106870,3.229008
-0.062744,-0.026611,1.138916,-6.862596,-1.320611,3.625954
-0.045654,-0.020020,1.080078,-3.297710,-0.725191,3.312977
-0.056396,-0.013672,1.090088,-6.129771,-1.022901,3.839695
-0.064941,0.008545,1.088867,-2.526718,0.435115,5.694656
-0.077881,-0.023926,1.099854,-3.244275,0.358779,5.030534
-0.079346,0.003418,1.077393,-4.755725,0.549618,3.625954
-0.067627,-0.029541,1.099365,-5.977099,0.687023,4.297710
-0.064697,-0.016602,1.087402,-4.618320,0.671756,1.221374
-0.053711,-0.012695,1.099121,-3.938931,0.587786,-0.320611
-0.042969,-0.014160,1.089355,-4.671756,1.068702,0.854962
-0.009033,0.000488,1.083496,-3.519084,1.259542,0.175573
-0.027832,0.001709,1.092529,-4.000000,0.725191,-0.152672
-0.050781,-0.022949,1.095459,-3.091603,1.259542,-1.274809
-0.051758,-0.018066,1.080566,-2.282443,1.007634,-3.076336
-0.068604,0.032959,1.067871,-5.648855,-0.007634,-2.511450
-0.069824,0.001221,1.093506,-4.572519,0.572519,-1.236641
-0.067383,-0.023682,1.098389,-4.839694,0.725191,-1.061069
-0.062988,0.004639,1.078613,-4.938931,1.122137,-1.007634
-0.068115,-0.002197,1.086670,-5.549618,0.274809,-1.022901
-0.062256,-0.001221,1.085449,-6.862596,-0.198473,-0.160305
-0.050537,-0.014160,1.097412,-5.198473,0.519084,0.603053
-0.054932,0.000000,1.081543,-6.053435,0.351145,-0.351145
-0.054932,-0.002686,1.094971,-6.511450,0.152672,-0.786260
-0.049072,-0.012451,1.081055,-5.503817,0.625954,0.145038
-0.046387,-0.015869,1.087646,-5.320611,0.458015,-0.099237
-0.047119,-0.012451,1.088867,-6.335878,-0.038168,-0.290076
-0.053955,-0.013916,1.088623,-5.206107,0.458015,-0.022901
-0.041016,-0.000732,1.093262,-5.526718,0.374046,-0.679389
-0.053711,-0.006836,1.092285,-6.893130,-0.358779,-0.770992
-0.050049,-0.006104,1.086670,-5.160306,0.167939,0.274809
-0.055664,-0.008301,1.090576,-5.801527,0.106870,-0.099237
-0.046631,-0.009766,1.097900,-5.213740,0.549618,-0.076336
-0.055176,-0.018555,1.088867,-4.503817,1.038168,0.122137
-0.053467,-0.006836,1.082764,-4.656488,0.625954,0.236641
-0.048828,-0.012695,1.082275,-5.068702,0.274809,-0.282443
-0.058350,-0.007080,1.092529,-6.045802,0.198473,-0.396947
-0.041992,-0.010498,1.095703,-5.664122,0.160305,0.175573
-0.044678,-0.005127,1.085693,-4.190840,0.832061,-0.312977
-0.062500,-0.005371,1.086670,-5.671756,0.282443,-0.305344
-0.052002,-0.013428,1.085693,-6.732824,0.351145,-0.404580
-0.044434,-0.012451,1.096436,-6.038168,0.412214,-0.061069
-0.043945,-0.013184,1.087891,-4.297710,0.961832,0.664122
-0.050781,-0.008057,1.091309,-4.496183,0.770992,0.351145
-0.058350,-0.014893,1.084229,-5.038168,0.618321,0.068702
-0.047852,-0.004150,1.084717,-5.206107,0.564885,0.175573
-0.055908,-0.015625,1.092285,-5.015267,0.671756,0.274809
-0.053711,-0.005859,1.094238,-4.587786,0.931298,0.083969
-0.054199,-0.012695,1.086182,-6.488550,0.091603,-0.458015
-0.047119,-0.014648,1.087891,-6.679389,-0.259542,0.152672
-0.043457,-0.010010,1.090332,-4.091603,0.946565,0.152672
-0.043701,-0.001709,1.085449,-6.580153,-0.091603,-0.709924
-0.049316,-0.003906,1.092529,-6.877862,-0.404580,-0.725191
-0.060059,-0.011475,1.092041,-6.358778,-0.045802,-0.083969
-0.041260,-0.010742,1.092285,-4.641222,0.633588,0.198473
-0.047119,-0.004883,1.083984,-5.343512,0.259542,-0.122137
-0.045654,-0.003906,1.084229,-6.412214,0.259542,0.038168
-0.041260,-0.018311,1.096436,-5.160306,0.404580,0.564885
-0.052246,-0.007813,1.096680,-3.282443,1.480916,1.007634
-0.056152,-0.007080,1.088379,-4.541985,0.732824,0.625954
-0.046875,-0.020508,1.095947,-5.099236,0.496183,0.229008
-0.053955,-0.014160,1.089600,-4.732824,0.854962,0.251908
-0.046387,-0.009033,1.083740,-4.778626,0.717557,-0.045802
-0.053223,-0.006104,1.088379,-6.007634,-0.007634,-0.160305
-0.046631,-0.022705,1.097656,-4.900764,0.511450,0.076336
-0.054443,-0.008789,1.081543,-4.862596,0.648855,0.290076
-0.053711,-0.013428,1.082520,-5.442748,0.595420,0.328244
-0.052734,-0.013428,1.089600,-5.885496,0.519084,0.099237
-0.047363,-0.012939,1.089844,-6.175572,-0.083969,-0.167939
-0.049316,-0.016602,1.097168,-4.358778,0.770992,0.343511
-0.053467,-0.011475,1.089355,-5.908397,0.290076,-0.519084
-0.049316,-0.019775,1.087646,-6.320611,0.122137,-0.511450
-0.046631,-0.015869,1.087891,-5.854962,0.236641,0.129771
-0.046387,-0.012451,1.090332,-3.938931,0.832061,0.114504
-0.049805,-0.011230,1.086670,-5.687023,0.053435,-0.503817
-0.044189,-0.007813,1.077637,-6.954198,-0.587786,-0.603053
-0.048340,-0.015869,1.099854,-4.786260,0.656489,0.053435
-0.053223,-0.008789,1.083496,-4.793893,0.625954,-0.145038
-0.050293,-0.009033,1.082764,-5.396946,0.305344,-0.427481
-0.046875,-0.017334,1.096436,-5.557252,0.366412,0.083969
-0.042236,-0.012207,1.083008,-4.366412,0.908397,0.480916
-0.053223,-0.006592,1.084473,-4.442748,0.687023,-0.274809
-0.054688,-0.011230,1.077881,-5.725191,0.229008,-0.916031
-0.052979,-0.019531,1.092041,-5.022901,0.404580,-0.267176
-0.051514,-0.018799,1.084717,-4.000000,1.244275,0.190840
-0.049072,-0.017334,1.085449,-5.190840,0.687023,-0.030534
-0.049561,-0.020020,1.088867,-3.946565,1.488550,0.083969
-0.065674,-0.001953,1.078125,-3.954198,1.099237,0.206107
-0.052979,-0.003418,1.089844,-3.427481,1.679389,1.473282
-0.048828,-0.002686,1.097168,-5.526718,0.351145,0.473282
-0.052002,-0.011475,1.083496,-6.274809,-0.183206,-0.190840
-0.052002,-0.004150,1.087402,-6.465649,-0.129771,-0.564885
-0.055176,-0.015381,1.086670,-5.954198,0.297710,-0.465649
-0.044189,-0.009033,1.085938,-7.885496,-0.328244,-1.534351
-0.061035,-0.011230,1.079834,-9.045801,-2.137405,-1.687023
-0.040527,-0.026855,1.097412,-7.335878,-1.083969,-1.091603
-0.048584,-0.019775,1.094971,-3.847328,0.961832,-0.091603
-0.041748,-0.006104,1.084961,-4.656488,0.618321,-0.160305
-0.050049,-0.026611,1.096680,-4.793893,0.633588,0.206107
-0.050537,-0.019287,1.093018,-1.610687,1.931298,1.694656
-0.050537,-0.006104,1.087646,-2.923664,1.320611,0.923664
-0.063721,-0.008301,1.083252,-4.458015,0.595420,0.175573
-0.056396,-0.015137,1.085938,-4.114504,1.114504,0.519084
-0.050293,-0.006592,1.081055,-5.022901,0.648855,0.000000
-0.049805,-0.010254,1.093750,-6.702290,-0.328244,-0.847328
-0.042969,-0.017578,1.094482,-4.564886,0.656489,-0.206107
-0.053711,-0.014160,1.086914,-4.198473,0.900763,0.137405
-0.053223,-0.012451,1.089844,-5.000000,0.396947,-0.534351
-0.053223,-0.011719,1.081055,-5.259542,0.152672,-0.175573
-0.057129,-0.015381,1.083008,-4.580153,0.870229,0.129771
-0.045410,-0.003662,1.085449,-5.198473,0.526718,0.007634
-0.038818,-0.016113,1.085449,-5.709924,0.274809,-0.335878
-0.045898,-0.012207,1.095947,-4.809160,0.465649,0.061069
-0.052979,-0.015625,1.083984,-6.030534,-0.198473,-0.427481
-0.048828,-0.010498,1.088135,-5.931298,-0.175573,-0.465649
-0.058350,-0.013672,1.076660,-4.641222,0.938931,-0.343511
-0.049805,-0.008545,1.083984,-7.030534,-0.236641,-0.312977
-0.043213,-0.021484,1.094482,-5.106870,0.519084,0.221374
-0.044189,-0.017578,1.095703,-2.923664,1.465649,0.793893
-0.046631,-0.008057,1.087891,-4.145038,1.114504,0.320611
-0.044434,-0.020020,1.086670,-6.312977,0.137405,-0.541985
-0.044922,-0.019775,1.087891,-5.427481,0.312977,-0.122137
-0.038330,-0.011475,1.088867,-5.251908,0.320611,-0.580153
-0.047607,-0.020508,1.083984,-6.190840,-0.137405,-1.083969
-0.052490,-0.020020,1.089844,-5.694656,0.267176,-0.496183
-0.056152,-0.015869,1.095947,-4.419847,0.900763,0.274809
-0.044678,-0.009033,1.092773,-3.946565,0.900763,0.396947
-0.048340,-0.010986,1.088379,-4.198473,0.908397,0.015267
-0.051025,-0.016357,1.091553,-4.213740,0.916031,0.328244
-0.048584,-0.007813,1.092529,-4.709924,0.870229,0.282443
-0.054932,-0.006104,1.085205,-6.091603,0.038168,-0.541985
-0.057617,-0.024902,1.102539,-6.053435,0.091603,-0.221374
-0.041260,-0.012207,1.091553,-4.160306,1.015267,0.167939
-0.055908,-0.010986,1.075195,-5.748092,-0.007634,-0.664122
-0.053711,-0.014404,1.083984,-6.190840,-0.114504,-0.511450
-0.063477,-0.019531,1.083252,-4.526718,0.824427,0.221374
-0.050781,-0.006104,1.084473,-4.229008,0.793893,0.129771
-0.049072,-0.015625,1.088623,-5.587786,0.137405,-0.244275
-0.058594,-0.014893,1.086426,-5.015267,0.458015,-0.175573
-0.046387,-0.011719,1.088135,-5.580153,0.343511,-0.687023
-0.052490,-0.015137,1.091553,-6.167939,0.007634,-0.473282
-0.047852,-0.016602,1.089355,-5.618320,0.145038,-0.389313
-0.050537,-0.009521,1.085205,-6.167939,0.129771,-0.458015
-0.045898,-0.019043,1.087891,-7.167939,-0.480916,-0.847328
-0.035645,-0.014893,1.091309,-6.740458,-0.404580,-0.816794
-0.056885,-0.025635,1.096191,-5.137404,0.427481,-0.229008
-0.057617,-0.017822,1.082275,-4.946565,0.564885,-0.465649
-0.051758,-0.017822,1.091553,-6.694656,-0.206107,-0.908397
-0.055420,-0.027588,1.087402,-4.167939,0.923664,0.396947
-0.050537,-0.018311,1.086426,-4.351145,0.816794,0.274809
-0.053467,-0.011475,1.083740,-6.167939,0.206107,-0.473282
-0.050781,-0.018555,1.096191,-5.106870,0.732824,0.106870
-0.039063,-0.014893,1.091797,-4.030534,0.961832,0.557252
-0.054932,-0.015381,1.089355,-5.259542,0.259542,-0.022901
-0.057617,-0.011475,1.087158,-6.541985,-0.114504,-0.748092
-0.047119,-0.028564,1.087158,-6.022901,0.045802,-0.572519
-0.051270,-0.023193,1.082520,-5.213740,0.419847,-0.435115
-0.051758,-0.023682,1.087646,-5.862596,0.099237,-0.656489
-0.052734,-0.016357,1.089600,-5.816794,-0.015267,-0.832061
-0.045898,-0.024658,1.093018,-3.763359,0.824427,0.312977
-0.051270,-0.014893,1.081299,-4.564886,0.496183,-0.022901
-0.054932,-0.013184,1.081543,-5.480916,0.328244,-0.305344
-0.042969,-0.016113,1.087158,-4.954198,0.633588,-0.122137
-0.050049,-0.021973,1.095947,-3.885496,0.916031,0.473282
-0.048584,-0.014893,1.074707,-4.282443,0.618321,0.145038
-0.045898,-0.012451,1.090820,-6.030534,0.068702,-0.694656
-0.048096,-0.020264,1.090332,-6.465649,0.022901,-0.412214
-0.046875,-0.023438,1.095459,-4.526718,0.755725,-0.129771
-0.044189,-0.004150,1.077881,-6.389313,-0.274809,-0.870229
-0.051514,-0.021240,1.073242,-8.381680,-1.725191,-0.992366
-0.045166,-0.022461,1.103516,-5.236641,0.480916,-0.282443
-0.052490,-0.020996,1.088867,-5.007634,0.702290,0.129771
-0.050537,-0.012451,1.079346,-5.648855,0.129771,-0.366412
-0.045166,-0.031982,1.102783,-5.007634,0.351145,0.076336
-0.037842,-0.011963,1.090088,-3.977099,0.809160,0.091603
-0.040771,-0.013916,1.083740,-4.671756,0.656489,0.038168
-0.053955,-0.025391,1.086914,-4.732824,0.740458,0.007634
-0.050049,-0.016113,1.096680,-3.748092,1.251908,0.374046
-0.054199,-0.024170,1.090088,-3.099237,1.236641,1.053435
-0.052734,-0.016602,1.089355,-3.297710,1.198473,0.763359
-0.052734,-0.010742,1.079102,-5.358778,0.267176,0.045802
-0.048340,-0.018066,1.089355,-5.862596,-0.053435,-0.572519
-0.051025,-0.019775,1.088623,-4.435114,0.564885,-0.183206
-0.043701,-0.010986,1.088623,-5.251908,0.198473,-0.587786
-0.053955,-0.029053,1.090820,-6.404580,-0.091603,-0.671756
-0.045654,-0.020752,1.093262,-5.328244,0.587786,-0.396947
-0.049072,-0.022217,1.091064,-4.671756,0.778626,-0.213740
-0.048584,-0.018799,1.091064,-5.572519,0.045802,-0.374046
-0.042969,-0.017090,1.096436,-5.442748,0.236641,-0.167939
-0.048096,-0.024170,1.089355,-4.068702,1.160305,0.404580
-0.047607,-0.016113,1.086670,-5.496183,0.160305,-0.282443
-0.041992,-0.016113,1.088135,-6.106870,0.030534,-0.725191
-0.050537,-0.026611,1.089355,-5.083970,0.450382,-0.312977
-0.050049,-0.024658,1.086670,-4.893130,0.305344,-0.251908
-0.051758,-0.016357,1.089600,-6.442748,-0.152672,-0.717557
-0.037354,-0.029053,1.096191,-5.473282,0.229008,-0.282443
-0.051025,-0.017822,1.090088,-3.801527,0.916031,0.419847
-0.050781,-0.016357,1.084473,-4.343512,0.984733,0.404580
-0.047607,-0.015137,1.087646,-5.755725,0.412214,-0.015267
-0.047119,-0.022217,1.092041,-5.755725,0.206107,-0.190840
-0.049561,-0.023438,1.083984,-5.152672,0.167939,0.000000
-0.039307,-0.020264,1.083252,-5.458015,0.030534,-0.412214
-0.052490,-0.019775,1.093750,-4.755725,0.458015,-0.312977
-0.051025,-0.013916,1.078857,-5.473282,0.473282,-0.267176
-0.050781,-0.025146,1.086670,-4.496183,0.610687,0.282443
-0.039063,-0.017822,1.087402,-3.694656,0.931298,0.564885
-0.048828,-0.013184,1.085205,-5.145038,0.183206,-0.068702
-0.052734,-0.019043,1.089844,-6.603054,0.000000,-0.458015
-0.045654,-0.018066,1.086426,-5.923664,0.106870,-0.610687
-0.048828,-0.016602,1.090576,-6.229008,-0.122137,-0.374046
-0.043457,-0.029541,1.100830,-5.564886,0.221374,-0.893130
-0.044678,-0.018066,1.087646,-4.854962,0.702290,-0.206107
-0.046387,-0.019531,1.091064,-5.969466,-0.045802,-0.541985
-0.052002,-0.023926,1.084717,-5.740458,0.175573,-0.465649
-0.042236,-0.020264,1.090088,-6.030534,-0.122137,-0.305344
-0.049561,-0.024414,1.099121,-5.122138,0.221374,0.007634
-0.037842,-0.021240,1.093262,-4.984733,0.503817,0.053435
-0.035156,-0.018311,1.093750,-5.030534,0.320611,-0.145038
-0.040283,-0.020264,1.086182,-5.183206,0.343511,-0.366412
-0.044678,-0.022461,1.096191,-4.076336,0.885496,0.274809
-0.048096,-0.007324,1.086182,-5.564886,0.488550,-0.198473
-0.042725,-0.023926,1.101807,-6.236641,-0.106870,-0.343511
-0.039795,-0.024658,1.091553,-4.366412,0.763359,0.076336
-0.049316,-0.011475,1.082031,-5.106870,0.396947,0.022901
-0.045654,-0.017822,1.080811,-6.091603,0.259542,-0.198473
-0.038330,-0.029053,1.090820,-5.320611,0.335878,-0.236641
-0.044434,-0.026123,1.097656,-5.183206,0.290076,-0.496183
-0.046875,-0.017334,1.090576,-5.847328,0.152672,-0.381679
-0.044922,-0.023438,1.097168,-5.351145,0.335878,-0.236641
-0.047852,-0.022461,1.080078,-4.839694,0.557252,0.076336
-0.038086,-0.025635,1.090332,-5.083970,0.656489,-0.038168
-0.054443,-0.016357,1.092773,-4.854962,0.786260,-0.030534
-0.045898,-0.023682,1.090820,-5.129771,0.587786,-0.083969
-0.037598,-0.023682,1.095703,-5.442748,0.412214,0.007634
-0.036133,-0.012207,1.088623,-5.748092,0.297710,-0.251908
-0.046387,-0.014893,1.093262,-6.213740,-0.015267,-0.908397
-0.044434,-0.032715,1.084473,-6.122138,0.091603,-0.618321
-0.048340,-0.025879,1.086426,-5.564886,0.282443,0.083969
-0.052490,-0.019775,1.084717,-4.755725,0.358779,0.106870
-0.051758,-0.015381,1.091553,-5.900764,0.229008,-0.343511
-0.038086,-0.022217,1.089355,-6.358778,0.274809,-0.312977
-0.042480,-0.026367,1.101563,-6.106870,-0.022901,-0.053435
-0.041504,-0.023682,1.088867,-4.992366,0.610687,0.358779
-0.042969,-0.019531,1.088379,-5.259542,0.374046,0.076336
-0.044922,-0.023438,1.088867,-6.862596,-0.145038,-0.702290
-0.047852,-0.032471,1.089600,-5.931298,0.618321,-0.099237
-0.045898,-0.027100,1.080322,-6.404580,0.961832,-0.816794
-0.065918,-0.000488,1.081299,-10.648855,-0.297710,-1.656489
-0.064697,-0.017334,1.104736,-7.114504,1.770992,0.732824
-0.091309,-0.000977,1.103271,-2.923664,4.511450,2.641221
-0.066162,-0.028320,1.065430,-3.083969,6.572519,3.045802
-0.109131,-0.020508,1.058838,-12.480916,0.801527,-0.251908
-0.109619,-0.005859,1.106201,-13.312977,0.816794,-0.778626
-0.112549,-0.037354,1.139404,1.091603,4.183206,0.061069
-0.085938,-0.012451,1.100098,5.854962,7.473282,2.435115
-0.091797,-0.034668,1.043457,-1.870229,6.396946,5.251908
-0.130859,-0.050049,1.071533,-8.412213,1.931298,3.000000
-0.101074,-0.046143,1.095459,-1.748092,4.366412,0.290076
-0.126465,-0.024414,1.084473,-6.000000,5.099236,-2.755725
-0.142578,-0.017334,1.079834,-14.038168,3.671756,-4.984733
-0.101074,-0.038818,1.055176,-13.267176,-2.099237,-4.290076
-0.102783,-0.012207,1.061035,-14.885496,-1.786260,-2.290076
-0.067383,-0.076660,1.075195,-12.129771,-0.717557,-1.664122
-0.083496,-0.044678,1.086670,-6.366412,1.244275,-1.114504
-0.096191,-0.014160,1.101563,-5.938931,3.183206,0.145038
-0.067139,-0.046387,1.052979,-14.122137,-0.488550,1.114504
-0.029297,-0.027832,1.125244,-9.931297,-6.809160,4.816794
-0.049561,-0.020996,1.072998,-1.259542,-2.419847,8.114504
-0.062500,-0.037842,1.042725,-6.030534,-3.312977,10.793893
-0.015869,-0.058594,1.084473,-4.473282,-8.236641,10.458015
0.007813,-0.043945,1.072021,-2.717557,-3.091603,6.557252
-0.072021,-0.015625,1.121582,-3.984733,-6.664122,7.610687
-0.018066,-0.045654,1.034912,-4.618320,-7.954198,7.045802
-0.003418,-0.041504,1.106689,-9.114504,-12.167939,4.366412
0.042236,-0.053223,1.119141,-3.068702,-8.916031,2.328244
0.001709,-0.042480,1.102783,-0.893130,-4.259542,-0.076336
0.009766,-0.047852,1.069824,-4.358778,-6.404580,0.007634
0.024658,-0.031250,1.100342,-3.801527,-6.961832,-1.702290
0.001953,-0.041748,1.102295,-5.412214,-7.435114,-3.885496
-0.011230,-0.035889,1.100098,-3.335878,-6.877862,-4.198473
0.023193,-0.038818,1.083252,-4.954198,-5.992366,-2.885496
0.031006,-0.037354,1.094238,-2.427481,-3.694656,-2.595420
0.020020,-0.048096,1.091309,-5.160306,-5.343512,-0.992366
0.008301,-0.016602,1.065674,-2.427481,-4.870229,-1.427481
0.016846,-0.029053,1.085693,-5.045802,-6.458015,-2.175573
0.013916,-0.037842,1.090088,-5.160306,-5.274809,-1.709924
0.006592,-0.046875,1.114746,-1.778626,-0.419847,-3.145038
-0.033936,-0.032715,1.116699,-1.488550,2.145038,-3.618321
-0.028076,-0.035156,1.116455,-3.030534,-0.374046,0.122137
-0.011230,-0.029541,1.103760,-4.114504,3.129771,0.229008
-0.005127,-0.025146,1.092773,-3.473282,5.015267,0.045802
-0.024414,-0.031982,1.091797,-3.549618,2.702290,0.251908
-0.035400,-0.034424,1.106201,-4.114504,-0.854962,1.984733
0.020020,-0.034912,1.071777,-5.374046,-0.282443,1.534351
0.008057,-0.033936,1.105469,-3.236641,1.198473,-0.007634
0.005127,-0.039307,1.078857,-3.900763,-3.213740,0.832061
0.051025,-0.032471,1.071533,-6.007634,-4.129771,2.038168
0.002441,-0.041016,1.091797,-4.175572,-2.641221,1.229008
0.002441,-0.011963,1.080811,-4.007634,-3.450382,0.908397
0.000488,-0.025635,1.089600,-5.511450,-3.816794,0.900763
-0.003662,-0.021973,1.086426,-4.381680,-0.778626,0.076336
0.006348,-0.022949,1.096436,-4.206107,2.015267,-0.801527
0.006836,-0.029785,1.089844,-4.564886,2.480916,-0.427481
0.008057,-0.043701,1.096680,-6.511450,1.358779,0.389313
-0.008057,-0.024658,1.103027,-5.206107,1.412214,-1.694656
-0.000977,-0.034424,1.096436,-2.534351,2.473282,-1.816794
-0.009033,-0.034180,1.082520,-4.908397,1.984733,0.282443
0.001465,-0.019775,1.094727,-6.488550,-0.374046,1.984733
0.004639,-0.026123,1.100830,-4.961832,1.076336,0.381679
-0.008057,-0.034180,1.099854,-3.557252,0.725191,0.244275
-0.003662,-0.027344,1.083740,-5.251908,-0.854962,1.549618
-0.002686,-0.017578,1.095947,-6.419847,-2.068702,2.320611
0.002441,-0.024414,1.102783,-5.053435,0.786260,1.122137
-0.002686,-0.029541,1.094727,-3.618321,1.687023,0.053435
0.005615,-0.032471,1.095215,-5.022901,1.572519,0.473282
-0.001221,-0.028564,1.088135,-5.770992,0.541985,0.458015
0.007568,-0.020752,1.092529,-5.106870,0.786260,-0.259542
0.004639,-0.027588,1.086914,-4.977099,0.221374,-0.419847
0.006836,-0.033691,1.081055,-6.122138,-0.717557,0.015267
-0.015137,-0.024170,1.098633,-5.427481,-1.435115,0.541985
0.002441,-0.030029,1.105713,-6.267176,-0.106870,0.671756
-0.001953,-0.039551,1.091064,-4.564886,0.282443,0.312977
-0.005859,-0.031738,1.086670,-6.435114,-1.213740,1.610687
0.002930,-0.024414,1.086914,-6.183206,-1.198473,1.755725
0.011963,-0.034912,1.099365,-4.618320,0.938931,0.786260
-0.001953,-0.026123,1.092041,-3.419847,3.137405,0.488550
-0.010742,-0.029053,1.075195,-5.404580,-0.213740,1.755725
0.010742,-0.030273,1.090820,-6.557252,-2.526718,1.809160
0.002686,-0.030273,1.100830,-3.923664,-0.503817,0.213740
-0.001221,-0.031982,1.084229,-4.465649,-0.793893,0.236641
0.003418,-0.031494,1.080811,-6.061069,-2.427481,1.343511
0.009277,-0.026611,1.099365,-5.526718,-2.839695,0.938931
0.008057,-0.027832,1.088867,-4.335878,-1.465649,0.908397
0.001465,-0.034424,1.091553,-4.221374,-0.412214,1.412214
0.003174,-0.036377,1.079346,-5.748092,-2.274809,1.702290
0.013672,-0.033203,1.095459,-5.847328,-2.488550,0.824427
0.005127,-0.022949,1.093506,-4.335878,-0.709924,0.000000
0.000732,-0.031738,1.084717,-5.045802,-0.282443,0.595420
0.008301,-0.033203,1.094727,-6.167939,0.244275,0.938931
0.015137,-0.032715,1.098389,-3.412214,3.923664,-0.656489
0.003906,-0.030029,1.079102,-1.832061,4.893130,-1.251908
-0.003418,-0.038574,1.069580,-4.450382,1.618321,0.610687
0.019775,-0.020020,1.090576,-8.251908,-1.702290,1.122137
0.017090,-0.041016,1.098633,-3.557252,1.755725,-0.633588
-0.003662,-0.012695,1.080078,-3.961832,-0.038168,-1.030534
0.011230,-0.020752,1.093750,-7.328244,-2.206107,0.770992
0.019287,-0.023193,1.093018,-5.511450,-1.320611,-0.480916
0.012207,-0.029297,1.089600,-4.648855,-0.748092,-1.320611
-0.003906,-0.024658,1.098145,-5.671756,-1.381679,-0.908397
0.006592,-0.029053,1.089844,-6.549618,-2.809160,0.290076
0.005859,-0.012695,1.097168,-6.152672,-0.389313,0.259542
0.006836,-0.041992,1.076416,-4.580153,-0.213740,-0.389313
0.025391,-0.033203,1.086182,-6.389313,-1.969466,0.938931
0.019531,-0.033936,1.102295,-7.022901,-1.763359,1.068702
0.023438,-0.040527,1.112549,-4.816794,0.083969,-0.335878
0.032227,-0.019043,1.111328,-2.885496,4.061069,-0.717557
0.017090,-0.019043,1.080566,-1.580153,7.244275,0.488550
0.018799,0.029541,1.085693,2.954198,5.351145,9.343512
0.020508,-0.031982,1.077148,-2.572519,1.893130,11.687023
0.022461,-0.074219,1.085693,-4.083970,1.488550,5.068702
0.007568,-0.057373,1.071045,-4.541985,1.587786,-1.519084
0.004883,-0.022217,1.103760,-6.549618,0.473282,-4.305344
-0.001221,-0.014404,1.093506,-4.473282,1.015267,-3.412214
0.003662,-0.017822,1.094482,-5.480916,1.832061,-1.458015
0.006348,-0.023926,1.109863,-3.496183,2.251908,-0.473282
-0.018066,-0.024414,1.085449,-2.488550,1.900763,0.641221
0.015381,-0.015625,1.070068,-5.236641,-0.106870,1.244275
-0.017090,-0.010498,1.103516,-4.709924,-0.801527,-0.404580
0.010742,-0.018311,1.096436,-3.045802,-0.465649,-0.351145
0.017334,-0.015381,1.087646,-5.458015,-0.015267,1.244275
0.020020,-0.020264,1.101563,-4.992366,0.900763,0.564885
0.012695,-0.015869,1.082275,-4.274809,0.664122,-0.870229
0.013672,-0.021973,1.086670,-5.519084,-0.961832,-0.488550
0.015137,-0.010498,1.096680,-6.709924,-1.885496,-1.000000
0.009521,-0.027344,1.092041,-4.541985,-1.190840,-2.114504
0.013184,-0.014648,1.083252,-5.190840,-0.587786,-1.793893
-0.003174,-0.025879,1.118652,-4.618320,0.908397,-1.160305
0.003418,-0.013428,1.106934,-4.068702,-1.702290,0.801527
0.000977,-0.004883,1.106689,-3.862595,-0.091603,1.190840
0.010498,-0.032227,1.088135,-3.351145,0.083969,0.854962
0.020264,-0.024658,1.080566,-4.748092,1.198473,0.099237
0.016846,-0.026367,1.096924,-3.702290,2.931298,0.328244
-0.007568,-0.004639,1.104980,-3.274809,1.633588,2.641221
0.018799,-0.027344,1.076904,-2.839695,0.412214,3.664122
0.021240,-0.033691,1.070557,-4.175572,-0.366412,2.099237
0.018066,-0.002930,1.086182,-1.374046,0.015267,1.969466
0.014648,-0.028809,1.068848,-2.221374,0.656489,2.503817
0.006836,0.022705,1.107910,-3.259542,1.824427,-0.572519
0.003418,-0.005371,1.094727,0.038168,4.641222,-2.687023
0.009521,-0.012939,1.124756,3.351145,6.946565,-5.015267
-0.000061,-0.000061,-0.000061,-0.007634,-0.007634,-0.007634
-0.000061,-0.000061,-0.000061,-0.007634,-0.007634,-0.007634
-0.000061,-0.000061,-0.000061,-0.007634,-0.007634,-0.007634
-0.000061,-0.000061,-0.000061,-0.007634,-0.007634,-0.007634
-0.000061,-0.000061,-0.000061,-0.007634,-0.007634,-0.007634
-0.000061,-0.000061,-0.000061,-0.007634,-0.007634,-0.007634
-0.000061,-0.000061,-0.000061,-0.007634,-0.007634,-0.007634
-0.000061,-0.000061,-0.000061,-0.007634,-0.007634,-0.007634
